monthly_income,loan_amount,loan_to_income_ratio,has_aadhaar,has_pan,has_salary_slip,has_bank_statement,num_documents,pan_valid,aadhaar_valid,name_present,address_present,phone_present,income_to_threshold_ratio,doc_completeness_score,is_fraud
500000.0,4795203.318710541,0.7992005531184235,0.0,0.0,0.0,0.0,3.0,0.0,0.0,0.0,0.0,0.0,20.0,0.0,1
53513.52473925019,4733920.920301383,7.371845004553942,1.0,1.0,0.0,1.0,4.0,1.0,1.0,1.0,1.0,1.0,2.140540989570008,0.75,0
199358.43530992983,596727.1980104798,0.24943648069651783,1.0,1.0,1.0,0.0,4.0,1.0,1.0,1.0,1.0,0.0,7.974337412397193,0.75,0
181217.5494384706,2604532.782262426,1.1977007701208466,1.0,0.0,1.0,1.0,3.0,1.0,0.0,1.0,1.0,1.0,7.248701977538824,0.75,0
38751.23700212863,4326938.308630977,9.304946636054687,0.0,1.0,0.0,1.0,4.0,1.0,1.0,1.0,0.0,0.0,1.5500494800851454,0.5,0
31933.2944359625,3698775.267170398,9.652348049535323,1.0,1.0,1.0,1.0,5.0,1.0,1.0,1.0,0.0,0.0,1.2773317774385,1.0,0
45606.4395057747,4758786.267883556,8.69538439354417,1.0,1.0,1.0,1.0,5.0,1.0,1.0,1.0,1.0,0.0,1.8242575802309882,1.0,0
4900.906912143614,16004660.978938498,272.13774351439713,0.0,0.0,0.0,0.0,2.0,1.0,1.0,0.0,1.0,0.0,0.19603627648574456,0.0,1
119971.81455269348,1690912.0417612938,1.1745203432890614,1.0,0.0,1.0,1.0,5.0,1.0,1.0,1.0,1.0,1.0,4.798872582107739,0.75,0
63362.44778765776,1729035.1700286889,2.2740009137892505,1.0,1.0,1.0,1.0,6.0,1.0,1.0,1.0,1.0,1.0,2.5344979115063104,1.0,0
40486.18785908591,4801925.557173064,9.883876063869799,1.0,1.0,1.0,1.0,3.0,1.0,1.0,1.0,0.0,1.0,1.6194475143634366,1.0,0
124319.64844577268,2808264.671020872,1.8824221178560099,1.0,1.0,1.0,1.0,5.0,1.0,1.0,1.0,0.0,1.0,4.972785937830907,1.0,0
71480.00745302356,144288.49848853168,0.16821544889475756,1.0,1.0,1.0,1.0,3.0,1.0,1.0,1.0,1.0,1.0,2.859200298120942,1.0,0
135845.149505427,786118.0780112566,0.48223907936922167,1.0,1.0,1.0,1.0,6.0,1.0,1.0,1.0,0.0,1.0,5.4338059802170795,1.0,0
37458.013480540074,4409951.089262493,9.810875963727405,1.0,1.0,1.0,0.0,3.0,1.0,1.0,1.0,1.0,1.0,1.498320539221603,0.75,0
112765.35157025993,4709328.301065168,3.4801826946306873,1.0,1.0,1.0,1.0,6.0,1.0,1.0,1.0,1.0,1.0,4.510614062810397,1.0,0
92180.963740312,1370740.996853763,1.2391757665528356,1.0,1.0,1.0,1.0,6.0,1.0,1.0,1.0,1.0,1.0,3.6872385496124798,1.0,0
26216.62284295837,4013699.5391074154,12.758125392268921,0.0,1.0,1.0,1.0,4.0,1.0,1.0,1.0,1.0,1.0,1.0486649137183348,0.75,0
47349.85963616609,1427619.2217501905,2.512536877476061,1.0,1.0,1.0,1.0,6.0,1.0,1.0,1.0,1.0,0.0,1.8939943854466437,1.0,0
200000.0,2870161.0490674768,1.1959004371114486,0.0,1.0,0.0,0.0,2.0,1.0,1.0,0.0,0.0,0.0,8.0,0.25,1
96819.44472319077,3397536.4497327185,2.924289002970392,1.0,1.0,1.0,1.0,5.0,1.0,1.0,1.0,1.0,1.0,3.872777788927631,1.0,0
198627.65259407973,4701435.549306429,1.972466022020608,1.0,1.0,0.0,0.0,3.0,1.0,1.0,1.0,1.0,1.0,7.945106103763189,0.5,0
39801.460085175386,939660.4379278705,1.9673910536552155,1.0,0.0,0.0,0.0,3.0,1.0,0.0,1.0,0.0,0.0,1.5920584034070153,0.25,1
178845.70382337883,3986400.0825840235,1.8574670779347875,1.0,0.0,0.0,1.0,3.0,1.0,0.0,1.0,1.0,1.0,7.153828152935153,0.5,0
200000.0,789223.679227799,0.32884319967824954,1.0,0.0,0.0,1.0,1.0,0.0,0.0,1.0,1.0,1.0,8.0,0.5,1
43880.99972382828,159331.52865094852,0.3025826091279552,1.0,1.0,1.0,1.0,4.0,1.0,1.0,1.0,1.0,1.0,1.7552399889531312,1.0,0
119721.6512683193,1012065.8989914049,0.7044575815858974,1.0,1.0,1.0,1.0,3.0,1.0,1.0,1.0,1.0,1.0,4.788866050732772,1.0,0
75521.40393487248,3077985.3990383404,3.396372020234056,1.0,1.0,1.0,0.0,5.0,1.0,1.0,1.0,1.0,1.0,3.020856157394899,0.75,0
113530.51880478155,3832811.1377507164,2.8133486176973315,1.0,1.0,1.0,1.0,6.0,1.0,1.0,1.0,1.0,1.0,4.541220752191262,1.0,0
33128.822225999604,3114575.247331953,7.834505419693693,1.0,1.0,1.0,1.0,4.0,1.0,1.0,1.0,1.0,1.0,1.3251528890399842,1.0,0
31419.56050585463,3218366.7138986946,8.535995470345597,1.0,1.0,1.0,1.0,5.0,1.0,1.0,1.0,1.0,1.0,1.2567824202341853,1.0,0
61123.72255810556,336111.4607271515,0.45823924364722785,1.0,1.0,1.0,1.0,3.0,0.0,1.0,1.0,0.0,1.0,2.4449489023242226,1.0,0
94394.98690622227,2489568.6362441955,2.1978291413553253,1.0,1.0,1.0,1.0,4.0,1.0,1.0,1.0,1.0,1.0,3.7757994762488907,1.0,0
84818.03654712829,1453230.8333224074,1.427792653231775,1.0,1.0,1.0,1.0,6.0,0.0,1.0,1.0,0.0,1.0,3.3927214618851314,1.0,0
162610.3775227216,344897.2404324258,0.17675032270733215,1.0,1.0,1.0,1.0,4.0,1.0,1.0,1.0,1.0,1.0,6.504415100908864,1.0,0
161000.71028730145,1742519.4321172764,0.9019211928774502,1.0,1.0,1.0,1.0,4.0,1.0,1.0,1.0,1.0,1.0,6.440028411492058,1.0,0
119502.08505578936,2374768.7467222023,1.6560162566853576,1.0,1.0,1.0,1.0,5.0,1.0,1.0,1.0,1.0,1.0,4.780083402231575,1.0,0
94461.57333527932,978352.4983481712,0.8630956693148596,1.0,1.0,1.0,1.0,6.0,1.0,1.0,1.0,1.0,0.0,3.7784629334111726,1.0,0
63194.430376386226,2283154.0298352656,3.010753237055851,1.0,1.0,1.0,1.0,3.0,1.0,1.0,1.0,1.0,1.0,2.527777215055449,1.0,0
54661.23067006619,4991902.805825453,7.610364702477541,1.0,1.0,1.0,0.0,6.0,1.0,1.0,1.0,0.0,1.0,2.1864492268026474,0.75,0
64888.653444839794,3255130.8423515405,4.180405804843632,1.0,1.0,1.0,1.0,3.0,0.0,0.0,1.0,1.0,1.0,2.595546137793592,1.0,0
40602.16810964798,306285.5900464219,0.6286314342033902,1.0,1.0,0.0,0.0,1.0,0.0,1.0,0.0,0.0,0.0,1.6240867243859192,0.5,1
92392.10250533692,1180998.568284935,1.0652051927424533,1.0,0.0,1.0,1.0,4.0,1.0,1.0,1.0,1.0,1.0,3.695684100213477,0.75,0
67025.4832861838,1456390.1081773983,1.8107417716021768,1.0,1.0,1.0,1.0,6.0,1.0,1.0,1.0,0.0,1.0,2.681019331447352,1.0,0
134175.3818184003,3179289.6374114766,1.9745857960457103,0.0,1.0,1.0,1.0,4.0,1.0,1.0,0.0,1.0,1.0,5.367015272736012,0.75,0
119044.2305141365,4041742.3176295743,2.8293001546384735,1.0,1.0,1.0,1.0,5.0,1.0,1.0,1.0,1.0,1.0,4.76176922056546,1.0,0
168944.0175115546,4305874.216315692,2.1239157008628617,1.0,1.0,1.0,1.0,4.0,1.0,1.0,1.0,1.0,1.0,6.757760700462184,1.0,0
67555.13342490446,3598367.89928229,4.438803928056657,1.0,1.0,1.0,1.0,4.0,1.0,1.0,1.0,1.0,1.0,2.7022053369961783,1.0,0
160142.83462691505,2351289.1651893347,1.223537501520198,1.0,1.0,1.0,1.0,3.0,1.0,1.0,1.0,0.0,1.0,6.405713385076602,1.0,0
65899.61433432577,1910913.5771911885,2.4164450688798547,1.0,1.0,1.0,1.0,5.0,1.0,1.0,1.0,1.0,1.0,2.635984573373031,1.0,0
150326.36798905887,1302226.3394144343,0.7218884023444762,0.0,1.0,1.0,0.0,4.0,1.0,1.0,1.0,1.0,0.0,6.013054719562355,0.5,0
194164.59333264217,822517.3808607913,0.3530155209827817,1.0,1.0,1.0,1.0,4.0,1.0,1.0,1.0,0.0,0.0,7.766583733305686,1.0,0
112005.58370147478,3188211.3753351737,2.3720628248860494,0.0,1.0,0.0,1.0,3.0,1.0,1.0,1.0,1.0,1.0,4.480223348058991,0.5,0
139093.2204129551,4982038.254373512,2.9848317070992,1.0,1.0,1.0,1.0,4.0,1.0,1.0,1.0,0.0,1.0,5.5637288165182035,1.0,0
91446.17142927171,407179.14594714274,0.37105539756619926,1.0,1.0,1.0,1.0,5.0,1.0,1.0,1.0,1.0,1.0,3.657846857170868,1.0,0
1557.4975979894434,15574769.577163711,833.322289831512,0.0,1.0,1.0,1.0,3.0,1.0,1.0,0.0,1.0,1.0,0.06229990391957774,0.75,1
158179.19841502482,3819125.8843574617,2.012024928385852,1.0,1.0,1.0,1.0,6.0,1.0,1.0,1.0,1.0,1.0,6.3271679366009925,1.0,0
29517.08371616022,4144536.7542073457,11.700954815584378,1.0,0.0,0.0,1.0,5.0,1.0,1.0,1.0,1.0,1.0,1.1806833486464088,0.5,0
135708.83129844093,1114671.4651331906,0.6844749002135602,1.0,1.0,1.0,1.0,3.0,1.0,1.0,0.0,1.0,0.0,5.428353251937637,1.0,0
137575.43822741183,2611262.9789746255,1.5817158284328674,1.0,1.0,1.0,0.0,5.0,1.0,1.0,1.0,1.0,1.0,5.503017529096473,0.75,0
95724.55628893078,886266.8099290095,0.7715425420323886,1.0,1.0,1.0,1.0,4.0,1.0,1.0,1.0,0.0,1.0,3.828982251557231,1.0,0
194657.32582318955,2287455.6303677526,0.9792660087388159,1.0,1.0,1.0,1.0,3.0,1.0,1.0,1.0,1.0,1.0,7.786293032927582,1.0,0
35524.90995513741,425670.29630373337,0.9985253934992155,1.0,1.0,1.0,1.0,4.0,1.0,1.0,1.0,1.0,0.0,1.4209963982054963,1.0,0
65542.54774210259,4974614.54043316,6.324917568568485,1.0,1.0,1.0,1.0,6.0,1.0,1.0,1.0,0.0,1.0,2.6217019096841034,1.0,0
68774.7875818039,397878.46249372413,0.48210310357855723,0.0,1.0,0.0,1.0,2.0,0.0,0.0,0.0,0.0,0.0,2.750991503272156,0.5,1
706126.8545426391,1080645.5284715763,0.1275320340247167,1.0,0.0,0.0,1.0,1.0,0.0,0.0,0.0,0.0,0.0,28.245074181705565,0.5,1
101094.78425565558,2126849.107101313,1.7531807095365637,1.0,1.0,0.0,1.0,6.0,1.0,1.0,1.0,1.0,1.0,4.043791370226224,0.75,0
192216.64679211358,978340.9531224757,0.4241485538366561,1.0,1.0,1.0,0.0,5.0,1.0,1.0,1.0,0.0,1.0,7.6886658716845435,0.75,0
53213.72526945078,3845426.044886506,6.021983403427983,1.0,1.0,0.0,0.0,5.0,1.0,0.0,1.0,1.0,1.0,2.128549010778031,0.5,0
146706.76117072586,1833566.8778085364,1.0415146418477914,1.0,1.0,1.0,1.0,5.0,1.0,1.0,1.0,1.0,1.0,5.868270446829034,1.0,0
124856.70566179519,2195246.535146353,1.4651773029934498,1.0,1.0,1.0,1.0,5.0,1.0,1.0,1.0,1.0,1.0,4.9942682264718075,1.0,0
178557.60236723427,4555179.008721645,2.125914806730519,1.0,1.0,1.0,1.0,3.0,1.0,1.0,1.0,1.0,1.0,7.142304094689371,1.0,0
170054.58902945666,3395056.4403226413,1.6637091162407822,1.0,1.0,1.0,1.0,4.0,1.0,1.0,1.0,1.0,0.0,6.802183561178267,1.0,0
199638.46934333406,4595680.631346752,1.9183346135905954,1.0,1.0,1.0,1.0,6.0,1.0,1.0,1.0,1.0,1.0,7.985538773733363,1.0,0
163954.4081223018,782063.836593908,0.3975006657595362,1.0,1.0,1.0,1.0,6.0,1.0,1.0,1.0,0.0,1.0,6.558176324892072,1.0,0
192101.42411605897,2152087.263463391,0.9335724923114909,1.0,1.0,1.0,0.0,5.0,1.0,0.0,1.0,1.0,0.0,7.684056964642359,0.75,0
192584.42478844154,2960196.5798836835,1.280908612389747,1.0,1.0,1.0,1.0,4.0,1.0,1.0,1.0,1.0,1.0,7.703376991537661,1.0,0
95148.99793363699,4331382.860321271,3.793508912675969,1.0,1.0,1.0,0.0,3.0,1.0,1.0,1.0,1.0,1.0,3.8059599173454797,0.75,0
59263.44858812688,907061.1318182498,1.2754645477493283,1.0,1.0,1.0,1.0,3.0,1.0,0.0,1.0,1.0,1.0,2.370537943525075,1.0,0
755644.5430076189,2928324.632929093,0.3229389466280188,0.0,0.0,0.0,0.0,1.0,1.0,0.0,1.0,0.0,1.0,30.225781720304756,0.0,1
197705.21390509052,2032933.764993173,0.8568876042090178,1.0,1.0,0.0,1.0,6.0,1.0,1.0,1.0,1.0,0.0,7.908208556203621,0.75,0
107611.71539424987,1567871.821973982,1.2141427602545214,1.0,1.0,1.0,1.0,6.0,1.0,1.0,1.0,1.0,1.0,4.304468615769995,1.0,0
26007.765587171274,1324789.037348344,4.244850872546751,1.0,1.0,1.0,0.0,3.0,1.0,1.0,1.0,1.0,0.0,1.0403106234868509,0.75,0
62107.846983939664,799925.6275902261,1.0733018805673584,1.0,1.0,1.0,1.0,6.0,1.0,1.0,1.0,0.0,1.0,2.4843138793575865,1.0,0
112949.06338110243,4499804.016092562,3.3199360559766466,1.0,1.0,1.0,1.0,3.0,1.0,1.0,1.0,1.0,1.0,4.517962535244097,1.0,0
82230.80327356677,445410.5336514088,0.4513824867728397,1.0,1.0,1.0,1.0,6.0,1.0,1.0,1.0,1.0,1.0,3.2892321309426706,1.0,0
675206.1699411739,8931408.457699306,1.1023063343844344,1.0,0.0,1.0,0.0,2.0,0.0,0.0,1.0,1.0,1.0,27.008246797646954,0.5,1
194627.9437333423,3501337.810198172,1.4991585753462506,1.0,1.0,1.0,1.0,5.0,1.0,1.0,1.0,1.0,1.0,7.7851177493336925,1.0,0
84149.15244901876,4032952.217998981,3.993853077766014,1.0,1.0,1.0,0.0,4.0,1.0,1.0,1.0,1.0,1.0,3.3659660979607504,0.75,0
169561.83529419245,1091045.484570221,0.5362082622529415,1.0,1.0,1.0,1.0,5.0,1.0,1.0,1.0,1.0,0.0,6.782473411767698,1.0,0
131921.67304892355,3491160.8704194077,2.2053243095776867,1.0,1.0,1.0,1.0,6.0,1.0,1.0,1.0,1.0,1.0,5.276866921956942,1.0,0
2258.6218162217033,19321305.184189357,712.8722275615648,1.0,1.0,0.0,0.0,2.0,0.0,0.0,1.0,1.0,0.0,0.09034487264886813,0.5,1
121028.41313915257,1597460.655902053,1.0999212323152103,1.0,1.0,1.0,0.0,4.0,1.0,1.0,1.0,1.0,1.0,4.841136525566103,0.75,0
62768.67981194756,437894.2801464638,0.5813598457308877,1.0,1.0,1.0,1.0,5.0,1.0,1.0,1.0,0.0,1.0,2.5107471924779023,1.0,0
100000.0,2279109.1561955987,1.8992576301629989,0.0,0.0,1.0,0.0,2.0,1.0,0.0,1.0,1.0,1.0,4.0,0.25,1
776971.8918790726,3757956.6253078287,0.40305583172592574,1.0,0.0,0.0,0.0,2.0,0.0,0.0,0.0,0.0,1.0,31.078875675162905,0.25,1
118993.64481824586,4575106.04312356,3.204026883194548,1.0,1.0,1.0,1.0,5.0,1.0,1.0,1.0,1.0,1.0,4.759745792729834,1.0,0
30448.46450478949,2768035.099608939,7.575738067113183,1.0,1.0,1.0,1.0,5.0,1.0,1.0,1.0,1.0,1.0,1.2179385801915796,1.0,0
29487.361516126246,1049929.032890774,2.967172428309051,1.0,1.0,1.0,1.0,6.0,1.0,1.0,1.0,1.0,1.0,1.17949446064505,1.0,0
65738.46792496298,494187.4194057694,0.626456415100641,0.0,0.0,0.0,1.0,3.0,0.0,0.0,0.0,0.0,0.0,2.6295387169985194,0.25,1
76531.5079198356,1865146.2021220967,2.030913206880078,1.0,1.0,1.0,1.0,4.0,1.0,1.0,1.0,1.0,1.0,3.061260316793424,1.0,0
128290.36670209024,2374066.281322169,1.5421177899994578,1.0,1.0,1.0,1.0,6.0,1.0,1.0,1.0,1.0,1.0,5.13161466808361,1.0,0
45486.72787483103,2194699.470811014,4.020768938817935,1.0,1.0,1.0,0.0,6.0,1.0,1.0,1.0,1.0,1.0,1.8194691149932412,0.75,0
194994.14145728693,3562486.362405677,1.5224758103762621,1.0,1.0,1.0,1.0,6.0,0.0,1.0,1.0,1.0,1.0,7.799765658291477,1.0,0
55994.368896233565,477585.5677582227,0.710764280367883,1.0,1.0,1.0,1.0,3.0,1.0,1.0,1.0,1.0,1.0,2.239774755849343,1.0,0
63845.12833826615,3274305.485353589,4.273760544429701,1.0,1.0,1.0,1.0,5.0,1.0,0.0,1.0,1.0,1.0,2.553805133530646,1.0,0
57291.17838736603,4547293.912527119,6.614302062616062,1.0,1.0,1.0,0.0,5.0,1.0,1.0,1.0,0.0,1.0,2.291647135494641,0.75,0
188827.08547813667,3248569.4777224385,1.433661502840286,1.0,1.0,1.0,1.0,5.0,0.0,0.0,1.0,1.0,1.0,7.553083419125467,1.0,0
164896.81980908246,4383690.3709573615,2.215370383346789,1.0,0.0,1.0,1.0,3.0,0.0,1.0,1.0,0.0,1.0,6.5958727923632985,0.75,0
133172.4420801318,4292910.859803943,2.6863108167309098,1.0,1.0,1.0,1.0,6.0,1.0,1.0,1.0,1.0,1.0,5.326897683205272,1.0,0
173129.15105354067,4823741.351111017,2.3218414893145587,0.0,1.0,1.0,1.0,6.0,1.0,1.0,1.0,1.0,1.0,6.925166042141627,0.75,0
188428.12806738337,1150591.7666665064,0.508855276574846,1.0,1.0,1.0,1.0,5.0,1.0,1.0,1.0,1.0,1.0,7.537125122695334,1.0,0
163376.55384681863,1204368.2132331526,0.6143110220303116,1.0,1.0,1.0,1.0,4.0,1.0,1.0,1.0,1.0,1.0,6.535062153872745,1.0,0
568166.981009279,18071780.96928265,2.6505970916596184,0.0,0.0,0.0,1.0,2.0,1.0,0.0,1.0,0.0,1.0,22.726679240371162,0.25,1
163004.51196429288,2068716.123206189,1.057596554780926,1.0,1.0,1.0,1.0,5.0,1.0,1.0,1.0,1.0,1.0,6.5201804785717155,1.0,0
135064.9981864797,2373263.7463804306,1.4642726207420427,1.0,1.0,1.0,1.0,3.0,0.0,1.0,1.0,1.0,1.0,5.402599927459188,1.0,0
187356.64955916227,4804664.461586691,2.137040270918125,1.0,1.0,1.0,1.0,4.0,1.0,1.0,1.0,1.0,1.0,7.494265982366491,1.0,0
62614.566253382436,1076154.8469808602,1.4322477332004813,1.0,1.0,1.0,1.0,6.0,0.0,1.0,1.0,1.0,0.0,2.5045826501352972,1.0,0
140271.38553331536,912295.2468000512,0.5419822696621752,1.0,1.0,0.0,1.0,4.0,1.0,1.0,1.0,1.0,0.0,5.610855421332614,0.75,0
115835.46340894731,1817550.6180021928,1.3075663276405862,1.0,1.0,1.0,1.0,5.0,1.0,1.0,1.0,1.0,1.0,4.633418536357892,1.0,0
628475.7818272708,1512099.0514443072,0.2004981861364031,1.0,1.0,0.0,1.0,1.0,1.0,1.0,0.0,0.0,0.0,25.13903127309083,0.75,1
84478.11865941157,4957506.71766468,4.890326233127641,1.0,1.0,1.0,1.0,5.0,1.0,1.0,1.0,1.0,1.0,3.379124746376463,1.0,0
157691.73324821598,892190.0375611132,0.47148425770506,1.0,1.0,1.0,1.0,6.0,1.0,1.0,1.0,0.0,1.0,6.30766932992864,1.0,0
106147.22086449688,643848.3991460573,0.5054680925717683,1.0,1.0,1.0,1.0,6.0,1.0,1.0,1.0,1.0,1.0,4.245888834579875,1.0,0
160872.26812984946,2664315.192854232,1.3801400866181335,1.0,1.0,1.0,1.0,3.0,1.0,1.0,1.0,1.0,1.0,6.434890725193978,1.0,0
166048.69621065268,2550552.485175472,1.2800223385171856,1.0,1.0,1.0,1.0,6.0,1.0,1.0,1.0,1.0,1.0,6.641947848426107,1.0,0
193380.19598304483,2409307.1202510064,1.038242785584177,1.0,0.0,1.0,1.0,3.0,1.0,1.0,1.0,1.0,0.0,7.735207839321793,0.75,0
139230.56887407808,451701.45050991385,0.27035576918842114,1.0,1.0,1.0,0.0,6.0,1.0,1.0,1.0,1.0,1.0,5.569222754963123,0.75,0
133660.2156093085,3307788.365643177,2.0623117298867184,1.0,1.0,1.0,0.0,4.0,0.0,1.0,1.0,1.0,1.0,5.34640862437234,0.75,0
193208.34866918498,1086682.5324662745,0.4687006453358601,1.0,1.0,1.0,1.0,3.0,0.0,1.0,1.0,1.0,1.0,7.7283339467674,1.0,0
100000.0,2305977.3106530067,1.9216477588775056,1.0,0.0,1.0,0.0,2.0,1.0,1.0,0.0,0.0,0.0,4.0,0.5,1
500000.0,2386558.7774795447,0.3977597962465908,0.0,0.0,0.0,0.0,3.0,1.0,1.0,0.0,1.0,0.0,20.0,0.0,1
65637.22165069303,2258162.616530878,2.8669741544773775,1.0,1.0,1.0,1.0,4.0,1.0,1.0,1.0,1.0,1.0,2.625488866027721,1.0,0
176326.41584463432,1569603.646384225,0.7418077616946717,1.0,1.0,1.0,1.0,5.0,1.0,1.0,1.0,1.0,1.0,7.053056633785372,1.0,0
125850.46302919231,2910291.862132309,1.9270832701513625,1.0,1.0,1.0,0.0,4.0,1.0,1.0,1.0,1.0,0.0,5.034018521167693,0.75,0
190132.7860293298,989908.4420073531,0.43386715090028805,1.0,1.0,1.0,1.0,3.0,1.0,1.0,1.0,1.0,1.0,7.605311441173193,1.0,0
30905.47186439778,845696.2676185372,2.2803304630788137,0.0,1.0,1.0,1.0,3.0,0.0,0.0,1.0,0.0,0.0,1.2362188745759113,0.75,1
500000.0,166040.5507693984,0.027673425128233065,0.0,1.0,1.0,0.0,1.0,0.0,1.0,1.0,1.0,0.0,20.0,0.5,1
121167.66878162797,2925841.754403006,2.012254165256497,1.0,1.0,1.0,1.0,3.0,1.0,0.0,1.0,1.0,1.0,4.846706751265119,1.0,0
193512.20316657645,3540515.871290964,1.5246738161534559,1.0,1.0,0.0,1.0,5.0,1.0,1.0,1.0,1.0,0.0,7.740488126663058,0.75,0
168027.1097434364,1829496.666916547,0.9073420105194326,1.0,1.0,1.0,1.0,4.0,1.0,1.0,1.0,1.0,1.0,6.721084389737456,1.0,0
115352.56095270917,2303725.228007646,1.6642638945196448,1.0,0.0,1.0,1.0,6.0,1.0,1.0,1.0,1.0,1.0,4.614102438108367,0.75,0
61489.340012533765,1690107.8208591763,2.2905160207642914,1.0,0.0,1.0,1.0,6.0,1.0,1.0,1.0,1.0,1.0,2.4595736005013507,0.75,0
116768.29713232651,346107.4561734714,0.24700444146899495,1.0,1.0,1.0,1.0,6.0,1.0,1.0,1.0,1.0,0.0,4.67073188529306,1.0,0
141821.23237600733,2423849.602787073,1.4242399640372472,0.0,1.0,1.0,1.0,3.0,1.0,1.0,0.0,1.0,1.0,5.672849295040294,0.75,0
167257.67659776358,3741646.6737848567,1.864212727478725,1.0,1.0,1.0,1.0,5.0,1.0,1.0,1.0,0.0,1.0,6.690307063910543,1.0,0
100540.4205901939,3647467.9717838597,3.0232185476352345,1.0,1.0,1.0,1.0,6.0,1.0,1.0,1.0,0.0,1.0,4.021616823607756,1.0,0
126844.99533501979,4054647.428946845,2.663780978139114,1.0,1.0,1.0,1.0,5.0,1.0,0.0,1.0,1.0,1.0,5.073799813400791,1.0,0
111190.59641830118,3057089.5663226284,2.291178139757579,1.0,1.0,1.0,1.0,6.0,1.0,1.0,1.0,1.0,0.0,4.447623856732047,1.0,0
166302.02715371095,1107867.58475822,0.5551483665591117,1.0,1.0,0.0,0.0,6.0,1.0,1.0,1.0,1.0,1.0,6.652081086148438,0.5,0
48654.10060209398,4239869.604000622,7.2619257704425735,1.0,1.0,1.0,1.0,6.0,1.0,1.0,1.0,1.0,1.0,1.9461640240837592,1.0,0
129547.29287980395,2342728.0652805404,1.5069966684252785,1.0,0.0,1.0,1.0,6.0,1.0,1.0,1.0,1.0,0.0,5.181891715192158,0.75,0
73453.58842576065,2033422.7704284673,2.306924701261807,1.0,1.0,1.0,0.0,5.0,1.0,1.0,1.0,1.0,1.0,2.938143537030426,0.75,0
158179.8829378549,2996538.4859667304,1.5786554893034863,0.0,1.0,1.0,1.0,4.0,1.0,1.0,1.0,1.0,1.0,6.327195317514197,0.75,0
81517.38276471804,3905881.729080388,3.9928924733696105,1.0,1.0,1.0,1.0,3.0,0.0,1.0,1.0,1.0,1.0,3.260695310588722,1.0,0
81560.51310363217,3316745.175924363,3.388838799675494,1.0,1.0,1.0,0.0,4.0,0.0,1.0,1.0,1.0,1.0,3.262420524145287,0.75,0
178414.3804652104,4406996.61138311,2.05840872612211,1.0,1.0,1.0,1.0,6.0,1.0,1.0,1.0,1.0,1.0,7.1365752186084155,1.0,0
166036.9450205837,3343647.829489956,1.6781645740929538,1.0,1.0,1.0,1.0,4.0,1.0,1.0,1.0,1.0,1.0,6.641477800823347,1.0,0
82531.53180031394,323678.85296168027,0.32682342322288127,1.0,1.0,1.0,1.0,3.0,1.0,1.0,1.0,1.0,1.0,3.3012612720125576,1.0,0
119492.49779909792,4456726.827306049,3.108093889709516,1.0,1.0,1.0,1.0,4.0,1.0,1.0,1.0,0.0,0.0,4.779699911963917,1.0,0
55340.37917658209,3296229.0781005044,4.963568385245393,1.0,1.0,1.0,1.0,6.0,1.0,1.0,1.0,1.0,1.0,2.2136151670632835,1.0,0
112214.36022940895,3715560.640951497,2.7592729912608585,1.0,1.0,1.0,1.0,6.0,1.0,1.0,1.0,1.0,1.0,4.488574409176358,1.0,0
38471.48422003877,582138.6835956469,1.2609744061040289,1.0,1.0,1.0,0.0,3.0,1.0,1.0,1.0,1.0,0.0,1.5388593688015508,0.75,0
53132.98180845394,2239409.529866954,3.5122715584645325,1.0,1.0,1.0,1.0,5.0,1.0,1.0,1.0,1.0,1.0,2.1253192723381575,1.0,0
74667.14764020957,552640.543374924,0.6167823476596346,0.0,0.0,0.0,1.0,1.0,1.0,0.0,1.0,0.0,1.0,2.986685905608383,0.25,1
199897.40200986664,375262.77900245116,0.1564397432672023,1.0,1.0,1.0,1.0,6.0,1.0,1.0,1.0,1.0,1.0,7.995896080394665,1.0,0
3480.890322516831,17637905.769314155,422.2556141077819,0.0,0.0,0.0,0.0,3.0,0.0,1.0,0.0,0.0,1.0,0.13923561290067324,0.0,1
159911.3228127091,1553143.5698090603,0.8093775258742043,1.0,1.0,1.0,0.0,4.0,0.0,1.0,1.0,0.0,1.0,6.396452912508365,0.75,0
146081.65959622132,4395588.732958183,2.5074952057111184,1.0,1.0,1.0,1.0,3.0,1.0,1.0,1.0,1.0,0.0,5.843266383848853,1.0,0
2888.277800310779,9058022.662009837,261.3443976036283,1.0,1.0,0.0,0.0,3.0,1.0,0.0,0.0,0.0,0.0,0.11553111201243117,0.5,1
180530.913977071,4638350.935315732,2.1410695603011063,1.0,1.0,1.0,1.0,6.0,1.0,1.0,1.0,1.0,1.0,7.22123655908284,1.0,0
176463.74703144655,4012063.6685399273,1.8946590711655549,1.0,1.0,1.0,1.0,6.0,1.0,1.0,1.0,1.0,1.0,7.0585498812578615,1.0,0
61134.39068482741,471573.3435553656,0.64280968844868,0.0,1.0,1.0,1.0,1.0,0.0,0.0,0.0,1.0,0.0,2.4453756273930964,0.75,1
750676.7470792686,2092807.3266919283,0.23232451416167904,1.0,1.0,0.0,1.0,1.0,1.0,1.0,1.0,0.0,0.0,30.027069883170743,0.75,1
191260.84423389085,1089876.775172201,0.4748649153018318,1.0,1.0,1.0,1.0,4.0,1.0,1.0,1.0,1.0,1.0,7.650433769355634,1.0,0
195776.419768348,377269.7151189066,0.16058697448740683,1.0,1.0,1.0,1.0,3.0,1.0,1.0,0.0,1.0,1.0,7.8310567907339195,1.0,0
69064.83530871673,4725806.2597444495,5.702137513999595,1.0,1.0,1.0,1.0,5.0,1.0,1.0,1.0,1.0,1.0,2.7625934123486693,1.0,0
99461.33352841319,3552316.697334482,2.9762962243008144,1.0,1.0,1.0,1.0,5.0,1.0,1.0,1.0,1.0,0.0,3.9784533411365275,1.0,0
29442.612240560353,1207542.0892983987,3.417784625200704,1.0,1.0,1.0,1.0,5.0,1.0,1.0,1.0,1.0,1.0,1.177704489622414,1.0,0
71044.6997343975,4548408.718029317,5.335149015377718,1.0,1.0,1.0,1.0,3.0,1.0,1.0,1.0,1.0,1.0,2.8417879893759,1.0,0
49936.720007764816,3548128.9201823496,5.92104186997504,1.0,0.0,1.0,1.0,6.0,1.0,1.0,1.0,0.0,0.0,1.9974688003105927,0.75,0
183978.84823338495,4906838.152997157,2.2225553825498396,1.0,1.0,1.0,1.0,4.0,1.0,1.0,1.0,1.0,1.0,7.359153929335398,1.0,0
551150.0860388465,1652263.4694402544,0.24982055875729262,1.0,1.0,1.0,0.0,1.0,0.0,0.0,0.0,0.0,1.0,22.04600344155386,0.75,1
156189.07055501183,2183618.1086447,1.165050634297104,1.0,1.0,0.0,1.0,3.0,1.0,1.0,1.0,1.0,1.0,6.247562822200473,0.75,0
186974.48975868587,2251834.1015053666,1.003628045913127,1.0,1.0,1.0,1.0,4.0,1.0,1.0,1.0,1.0,1.0,7.478979590347435,1.0,0
107525.83299627772,2479389.5283310493,1.9215456255497223,1.0,1.0,1.0,1.0,5.0,1.0,1.0,1.0,1.0,1.0,4.301033319851109,1.0,0
70279.21245718138,421613.82249813323,0.49992713321288224,1.0,1.0,0.0,0.0,3.0,1.0,0.0,1.0,0.0,0.0,2.811168498287255,0.5,1
103260.44458834625,3331602.766339774,2.6886729470171287,1.0,1.0,1.0,0.0,6.0,1.0,1.0,1.0,1.0,1.0,4.13041778353385,0.75,0
36786.355257035044,1727736.0622664625,3.91389699204673,1.0,1.0,1.0,0.0,3.0,1.0,1.0,1.0,1.0,1.0,1.4714542102814017,0.75,0
136742.04084121497,4519506.964070835,2.754277894510689,1.0,1.0,1.0,0.0,5.0,1.0,1.0,1.0,1.0,1.0,5.469681633648599,0.75,0
55976.834748430694,2612071.8571864404,3.888620279152871,1.0,1.0,1.0,1.0,5.0,1.0,1.0,1.0,1.0,1.0,2.2390733899372277,1.0,0
166638.20220873988,218539.64306764072,0.1092884865589856,1.0,1.0,1.0,1.0,5.0,1.0,1.0,1.0,1.0,1.0,6.665528088349595,1.0,0
139928.91629472614,3535584.012645621,2.1055833837320037,1.0,1.0,1.0,1.0,4.0,1.0,1.0,1.0,0.0,1.0,5.597156651789046,1.0,0
112961.49129340862,2851274.4810016663,2.1034266105161037,1.0,1.0,1.0,1.0,6.0,1.0,1.0,1.0,1.0,1.0,4.518459651736345,1.0,0
57349.52971696723,771837.5580720954,1.1215400862647096,1.0,1.0,1.0,1.0,3.0,0.0,1.0,1.0,1.0,1.0,2.293981188678689,1.0,0
155557.85387144907,1826637.2383873067,0.9785412055851662,1.0,1.0,1.0,1.0,3.0,1.0,1.0,1.0,1.0,1.0,6.222314154857963,1.0,0
55431.66861341028,4888808.749158368,7.349602479727094,1.0,0.0,0.0,1.0,6.0,1.0,1.0,1.0,1.0,0.0,2.217266744536411,0.5,0
58370.351116141646,4780064.515729337,6.824332936622604,1.0,1.0,1.0,1.0,4.0,1.0,1.0,1.0,0.0,1.0,2.334814044645666,1.0,0
67421.70317263904,798711.3060013528,0.9872084561507147,1.0,1.0,1.0,0.0,3.0,0.0,1.0,1.0,1.0,1.0,2.6968681269055614,0.75,0
130282.06852560796,665433.7466766952,0.4256365657270651,1.0,1.0,1.0,1.0,4.0,1.0,1.0,1.0,1.0,1.0,5.211282741024318,1.0,0
500000.0,1738047.9823948462,0.28967466373247436,1.0,1.0,1.0,0.0,3.0,0.0,0.0,1.0,0.0,1.0,20.0,0.75,1
97593.4129090914,1576199.7777240018,1.3458898255700218,1.0,1.0,1.0,1.0,5.0,1.0,1.0,1.0,1.0,1.0,3.903736516363656,1.0,0
64636.76065963914,4219444.83725488,5.439944692713139,0.0,1.0,1.0,1.0,4.0,1.0,1.0,1.0,1.0,0.0,2.5854704263855655,0.75,0
189209.57994368163,884122.1886696508,0.3893928049400786,1.0,1.0,1.0,1.0,6.0,1.0,1.0,1.0,1.0,1.0,7.5683831977472655,1.0,0
135571.5121297149,3306033.506392313,2.032158437059832,1.0,1.0,1.0,1.0,4.0,1.0,1.0,1.0,0.0,1.0,5.422860485188595,1.0,0
29255.29412550442,4142742.109882304,11.800548224736271,1.0,1.0,1.0,1.0,3.0,1.0,1.0,1.0,1.0,1.0,1.1702117650201769,1.0,0
178740.22322773587,881512.0864526556,0.4109838245201559,1.0,1.0,1.0,0.0,3.0,1.0,1.0,1.0,0.0,1.0,7.1496089291094345,0.75,0
138806.99511071393,1453963.6314826827,0.8728928672524667,1.0,1.0,1.0,1.0,6.0,1.0,1.0,1.0,1.0,1.0,5.552279804428557,1.0,0
98109.18687928341,2293599.7845110497,1.9481693963185849,1.0,1.0,1.0,1.0,4.0,1.0,1.0,1.0,1.0,1.0,3.9243674751713367,1.0,0
89113.32257639605,595124.4739521688,0.5565240384810531,1.0,1.0,0.0,1.0,5.0,1.0,1.0,1.0,0.0,1.0,3.564532903055842,0.75,0
6058.529683838958,16170210.896367958,222.41660023418123,0.0,0.0,0.0,1.0,2.0,0.0,1.0,1.0,0.0,0.0,0.2423411873535583,0.25,1
87431.83217137813,2492381.571406713,2.3755474307890045,1.0,1.0,1.0,0.0,6.0,1.0,1.0,1.0,1.0,0.0,3.4972732868551253,0.75,0
128395.82059957688,3674590.320396744,2.384936352313567,1.0,1.0,1.0,1.0,3.0,1.0,1.0,1.0,1.0,0.0,5.135832823983075,1.0,0
117688.85121230113,3659662.404053724,2.5913403339653005,1.0,1.0,1.0,1.0,4.0,1.0,1.0,1.0,1.0,1.0,4.707554048492045,1.0,0
34069.11894392471,451388.25535348995,1.1040992286309737,1.0,1.0,1.0,1.0,4.0,1.0,1.0,1.0,1.0,1.0,1.3627647577569884,1.0,0
680329.5173146914,4291801.280088864,0.5257012926408694,0.0,1.0,0.0,0.0,2.0,0.0,0.0,0.0,0.0,1.0,27.21318069258766,0.25,1
111650.64222744551,320065.3650785177,0.23888903121765215,1.0,1.0,1.0,1.0,4.0,1.0,1.0,1.0,1.0,1.0,4.466025689097821,1.0,0
37349.530795075225,4264879.320255244,9.515691427859464,1.0,1.0,1.0,1.0,3.0,1.0,1.0,1.0,1.0,1.0,1.493981231803009,1.0,0
76311.88504716128,2257584.75000491,2.4653048785800826,1.0,1.0,1.0,1.0,4.0,1.0,1.0,1.0,1.0,1.0,3.0524754018864515,1.0,0
134588.55628549767,602328.2239257249,0.37294417925103807,1.0,1.0,1.0,1.0,6.0,1.0,1.0,1.0,0.0,1.0,5.383542251419907,1.0,0
49387.312962744225,3200288.2058681445,5.399983676445931,1.0,1.0,1.0,0.0,3.0,1.0,0.0,1.0,1.0,1.0,1.975492518509769,0.75,0
152042.2438022919,3118328.7062748773,1.709135033950277,1.0,1.0,1.0,0.0,4.0,1.0,1.0,1.0,1.0,1.0,6.081689752091676,0.75,0
70192.76795231772,447567.8590554898,0.5313556179077271,1.0,1.0,1.0,1.0,4.0,1.0,0.0,1.0,1.0,1.0,2.807710718092709,1.0,0
144570.2836404293,2049399.464960569,1.181316688645925,1.0,1.0,1.0,1.0,3.0,1.0,1.0,1.0,1.0,1.0,5.782811345617172,1.0,0
614201.0984729119,4912392.477262853,0.6665016405696947,0.0,0.0,1.0,1.0,1.0,0.0,0.0,0.0,0.0,1.0,24.568043938916475,0.5,1
44579.26867560976,795728.7088351455,1.4874789943008213,0.0,1.0,0.0,0.0,3.0,0.0,1.0,1.0,1.0,0.0,1.7831707470243905,0.25,1
42696.4683214883,2684258.148401114,5.239032356239363,1.0,1.0,1.0,1.0,6.0,1.0,1.0,1.0,1.0,1.0,1.7078587328595318,1.0,0
30500.107495178494,4786856.851667453,13.078797761680477,1.0,1.0,1.0,1.0,4.0,1.0,1.0,1.0,1.0,1.0,1.2200042998071399,1.0,0
40337.48068367175,1020809.8659950829,2.1088944423680416,1.0,1.0,0.0,1.0,3.0,1.0,1.0,1.0,0.0,1.0,1.6134992273468698,0.75,0
84640.61954427813,1506975.9946144202,1.4837005395363339,1.0,1.0,1.0,1.0,6.0,1.0,1.0,1.0,1.0,1.0,3.385624781771125,1.0,0
35015.974959663974,675697.8401108577,1.6080704137878397,1.0,1.0,0.0,0.0,1.0,1.0,0.0,1.0,0.0,1.0,1.400638998386559,0.5,1
140082.2561525601,3508528.9178343536,2.087183757956529,1.0,1.0,1.0,1.0,6.0,1.0,1.0,1.0,1.0,1.0,5.603290246102404,1.0,0
78318.84934215713,3912323.6914088004,4.162816193324412,1.0,1.0,1.0,1.0,6.0,0.0,1.0,1.0,1.0,1.0,3.1327539736862855,1.0,0
106111.45766510016,4393965.2223973265,3.4507467580811593,1.0,1.0,1.0,0.0,5.0,1.0,1.0,1.0,1.0,1.0,4.244458306604006,0.75,0
622092.2515011325,10442430.870903105,1.3988320389386404,1.0,0.0,0.0,1.0,1.0,1.0,1.0,0.0,0.0,0.0,24.8836900600453,0.5,1
94738.32851954036,4314684.497412232,3.795264778994475,1.0,1.0,0.0,1.0,3.0,1.0,1.0,1.0,1.0,1.0,3.7895331407816144,0.75,0
172796.14474363733,1218353.2811191257,0.5875677391060483,1.0,1.0,1.0,1.0,3.0,1.0,1.0,1.0,1.0,0.0,6.9118457897454935,1.0,0
42402.2437328854,1285465.233546095,2.5263309996123744,1.0,1.0,1.0,1.0,6.0,1.0,1.0,1.0,0.0,0.0,1.696089749315416,1.0,0
176730.5118214285,1106131.3996633189,0.5215716046346753,1.0,1.0,1.0,1.0,3.0,1.0,1.0,1.0,1.0,1.0,7.06922047285714,1.0,0
121583.69678553496,3379081.2883965843,2.31601863416842,0.0,1.0,1.0,1.0,3.0,0.0,1.0,1.0,1.0,0.0,4.863347871421398,0.75,0
112976.06826618385,4184884.813494169,3.086851989775781,1.0,1.0,0.0,1.0,5.0,1.0,1.0,1.0,1.0,1.0,4.519042730647354,0.75,0
43703.46154158017,2201827.2338077067,4.198422649948168,1.0,1.0,1.0,1.0,3.0,1.0,1.0,1.0,1.0,1.0,1.7481384616632067,1.0,0
103845.22367926636,486948.8947350602,0.39076495888329427,1.0,1.0,1.0,1.0,4.0,1.0,1.0,1.0,1.0,1.0,4.1538089471706545,1.0,0
168052.62330422716,329574.3517852553,0.16342814991777105,1.0,1.0,1.0,1.0,5.0,1.0,1.0,1.0,1.0,1.0,6.722104932169087,1.0,0
83975.55587547511,1023848.9681713305,1.0160188456999382,1.0,0.0,1.0,1.0,6.0,1.0,1.0,1.0,1.0,0.0,3.3590222350190047,0.75,0
177505.60328285058,4842514.170740649,2.273409064832087,1.0,1.0,1.0,0.0,4.0,1.0,1.0,1.0,1.0,1.0,7.1002241313140235,0.75,0
104138.13965571625,4989322.192841693,3.9925511515573917,1.0,1.0,1.0,0.0,6.0,1.0,1.0,0.0,1.0,1.0,4.16552558622865,0.75,0
49727.63891968227,364069.8190174555,0.6101064165501668,0.0,0.0,0.0,1.0,2.0,0.0,1.0,1.0,1.0,0.0,1.9891055567872908,0.25,1
103896.88999572312,4250147.385614596,3.4089465894099047,1.0,1.0,1.0,1.0,5.0,1.0,1.0,1.0,0.0,1.0,4.155875599828925,1.0,0
39020.09811731815,2789407.458879044,5.95720238514946,1.0,1.0,1.0,1.0,5.0,1.0,1.0,1.0,1.0,1.0,1.5608039246927259,1.0,0
166148.2008757537,3873775.23760977,1.942931680467305,0.0,1.0,1.0,1.0,3.0,1.0,1.0,1.0,1.0,1.0,6.645928035030148,0.75,0
195774.11390594355,3821051.485848022,1.6264711958138753,1.0,1.0,1.0,0.0,4.0,1.0,1.0,1.0,0.0,1.0,7.830964556237742,0.75,0
35122.46839859436,3983716.0698130783,9.451964918398955,1.0,1.0,1.0,1.0,4.0,1.0,1.0,1.0,1.0,0.0,1.4048987359437746,1.0,0
116542.12272977605,2612008.2904107594,1.8677140285056506,1.0,1.0,1.0,1.0,3.0,1.0,1.0,1.0,1.0,1.0,4.661684909191042,1.0,0
50960.060168365555,2348808.5313244197,3.8409303998141793,1.0,1.0,0.0,1.0,6.0,1.0,1.0,1.0,1.0,1.0,2.038402406734622,0.75,0
99860.29840377592,2220798.4108263995,1.8532543682899263,1.0,1.0,1.0,1.0,6.0,0.0,1.0,1.0,1.0,1.0,3.9944119361510366,1.0,0
114948.16060296689,610701.5337609036,0.44273691908700064,0.0,1.0,1.0,0.0,5.0,1.0,1.0,1.0,1.0,1.0,4.5979264241186755,0.5,0
166085.22396378574,2166958.0748402737,1.0872721561877026,1.0,1.0,1.0,0.0,6.0,1.0,1.0,1.0,1.0,1.0,6.643408958551429,0.75,0
100000.0,1596359.0749148664,1.330299229095722,1.0,0.0,0.0,0.0,3.0,1.0,0.0,1.0,0.0,1.0,4.0,0.25,1
37678.205364047804,3535732.321792273,7.820021078565038,1.0,1.0,1.0,1.0,3.0,1.0,1.0,1.0,0.0,1.0,1.5071282145619123,1.0,0
87731.5024952477,1347886.0480256507,1.2803136175805871,1.0,1.0,1.0,1.0,5.0,1.0,1.0,1.0,1.0,1.0,3.5092600998099077,1.0,0
500000.0,281637.6473779866,0.046939607896331094,0.0,1.0,0.0,0.0,3.0,0.0,0.0,1.0,1.0,0.0,20.0,0.25,1
36384.02877242392,2682503.173167093,6.143957627547944,1.0,1.0,1.0,1.0,4.0,1.0,1.0,1.0,1.0,1.0,1.4553611508969566,1.0,0
144195.624443872,4803327.733295931,2.7759324365893074,1.0,1.0,1.0,1.0,6.0,1.0,1.0,1.0,0.0,1.0,5.76782497775488,1.0,0
46099.20501102379,4793170.024842199,8.664592704104114,1.0,1.0,1.0,0.0,3.0,1.0,1.0,1.0,1.0,1.0,1.8439682004409517,0.75,0
161591.9651676758,2154431.139713508,1.1110448970848499,1.0,1.0,1.0,1.0,3.0,1.0,1.0,1.0,0.0,1.0,6.463678606707032,1.0,0
174885.7222079564,2475011.8069372303,1.1793471834492186,1.0,1.0,1.0,1.0,5.0,1.0,1.0,1.0,1.0,1.0,6.995428888318256,1.0,0
118760.56971308273,2770631.902594998,1.9441300461990119,1.0,1.0,1.0,1.0,5.0,1.0,1.0,1.0,1.0,1.0,4.750422788523309,1.0,0
182246.98299223886,273025.63920717145,0.12484232236407743,1.0,1.0,1.0,1.0,5.0,1.0,1.0,1.0,0.0,1.0,7.289879319689555,1.0,0
164787.06626039144,1791441.8216216315,0.9059377162074775,1.0,1.0,1.0,1.0,5.0,1.0,1.0,1.0,1.0,1.0,6.591482650415657,1.0,0
153294.7789226742,3277673.618581572,1.7817923750221758,1.0,1.0,1.0,1.0,6.0,1.0,1.0,1.0,1.0,1.0,6.131791156906967,1.0,0
70416.31994607822,619250.7183795644,0.7328446952517067,1.0,1.0,1.0,1.0,1.0,0.0,1.0,1.0,0.0,1.0,2.816652797843129,1.0,1
86836.63990455924,2290572.1646514847,2.1981621344486766,1.0,1.0,0.0,1.0,4.0,1.0,1.0,0.0,0.0,1.0,3.4734655961823697,0.75,0
55678.014912590435,3931603.888074,5.884434957924702,1.0,1.0,1.0,1.0,4.0,1.0,1.0,1.0,0.0,1.0,2.2271205965036174,1.0,0
60342.98518014737,668520.8085039062,0.9232235894364393,1.0,0.0,0.0,0.0,1.0,1.0,1.0,0.0,1.0,0.0,2.4137194072058947,0.25,1
55546.528829707386,770275.6237467144,1.1556011989338983,1.0,0.0,1.0,0.0,1.0,0.0,1.0,1.0,1.0,0.0,2.2218611531882955,0.5,1
31879.624472192314,2586318.4997172635,6.760636149622871,1.0,1.0,1.0,0.0,6.0,1.0,1.0,1.0,1.0,1.0,1.2751849788876926,0.75,0
133188.1610803457,2842802.8498280747,1.778688402663379,1.0,1.0,1.0,1.0,4.0,1.0,1.0,1.0,1.0,1.0,5.327526443213827,1.0,0
90319.06353513451,4577563.374978971,4.223511622584416,1.0,1.0,1.0,1.0,5.0,1.0,1.0,1.0,1.0,1.0,3.6127625414053806,1.0,0
138685.75733326256,2018475.9210713638,1.2128594167874525,1.0,1.0,1.0,0.0,4.0,0.0,1.0,1.0,1.0,1.0,5.547430293330502,0.75,0
45758.93477579445,702057.7697115734,1.2785440576640996,1.0,1.0,1.0,0.0,2.0,0.0,1.0,0.0,0.0,1.0,1.8303573910317779,0.75,1
33437.10680059731,2506369.073977509,6.246476130356909,1.0,1.0,1.0,1.0,6.0,1.0,1.0,1.0,1.0,0.0,1.3374842720238922,1.0,0
149836.17752979667,1362275.3796352372,0.7576471195039735,1.0,1.0,1.0,1.0,3.0,1.0,1.0,1.0,1.0,1.0,5.993447101191867,1.0,0
93439.26891405812,4426669.741665888,3.9479027332514143,1.0,1.0,1.0,1.0,3.0,1.0,1.0,1.0,1.0,1.0,3.7375707565623246,1.0,0
188837.1430926457,4003738.846237724,1.7668393960474904,1.0,1.0,0.0,1.0,3.0,1.0,1.0,1.0,1.0,1.0,7.553485723705829,0.75,0
81932.80788357125,2785001.4959710953,2.8326071569204387,1.0,1.0,1.0,0.0,6.0,1.0,1.0,1.0,1.0,1.0,3.27731231534285,0.75,0
134005.83326832505,379568.1336411462,0.2360395591145165,1.0,1.0,1.0,1.0,4.0,1.0,0.0,1.0,0.0,1.0,5.360233330733002,1.0,0
3513.5901433178087,18328270.740550518,434.69950470763405,1.0,1.0,1.0,1.0,2.0,0.0,0.0,1.0,0.0,0.0,0.14054360573271235,1.0,1
167705.74997959597,4781139.9638692485,2.3757583169981498,1.0,1.0,1.0,1.0,3.0,1.0,1.0,1.0,1.0,1.0,6.708229999183839,1.0,0
135867.69938315658,969400.9704015637,0.5945740935254621,1.0,1.0,0.0,1.0,5.0,1.0,0.0,1.0,1.0,1.0,5.434707975326263,0.75,0
109088.71577012006,1983339.6887682609,1.5150816125257347,1.0,1.0,1.0,1.0,4.0,1.0,1.0,1.0,1.0,1.0,4.363548630804803,1.0,0
43219.18864222911,2754628.72491106,5.311353612924945,1.0,1.0,1.0,0.0,5.0,0.0,0.0,1.0,1.0,1.0,1.7287675456891645,0.75,0
141701.24507056826,2766844.4339571185,1.6271583879280724,1.0,1.0,1.0,1.0,4.0,1.0,1.0,1.0,1.0,1.0,5.66804980282273,1.0,0
118267.61264648367,3572951.710622856,2.5175613950645737,1.0,1.0,1.0,1.0,5.0,1.0,1.0,1.0,1.0,1.0,4.730704505859347,1.0,0
137153.08034056256,1475347.756028274,0.8964118489384649,1.0,1.0,1.0,1.0,4.0,1.0,1.0,1.0,0.0,1.0,5.486123213622503,1.0,0
96566.76527249723,1801982.2986683291,1.5550400920228606,1.0,1.0,1.0,1.0,4.0,1.0,1.0,1.0,1.0,0.0,3.862670610899889,1.0,0
140941.39976194684,2458586.343013086,1.453669366113442,1.0,1.0,1.0,1.0,3.0,1.0,0.0,1.0,1.0,1.0,5.637655990477874,1.0,0
5910.987992719926,5148194.0996308485,72.57943604311512,1.0,0.0,0.0,0.0,2.0,0.0,0.0,1.0,0.0,0.0,0.23643951970879706,0.25,1
578164.2436879072,3088335.2366491063,0.44513522330461225,0.0,1.0,1.0,1.0,1.0,0.0,1.0,1.0,0.0,1.0,23.12656974751629,0.75,1
180348.23198270245,913178.9869493465,0.4219517323560137,1.0,1.0,1.0,1.0,6.0,1.0,1.0,1.0,0.0,1.0,7.213929279308098,1.0,0
196505.70067495847,1873080.1567051797,0.7943281671861248,1.0,1.0,1.0,1.0,5.0,1.0,1.0,1.0,1.0,1.0,7.860228026998339,1.0,0
159972.31067004052,3471860.0598240565,1.8085734364915231,0.0,1.0,1.0,1.0,3.0,1.0,1.0,1.0,1.0,1.0,6.398892426801621,0.75,0
100000.0,872270.2650024494,0.7268918875020411,0.0,0.0,1.0,0.0,2.0,0.0,0.0,1.0,0.0,1.0,4.0,0.25,1
117954.6674001806,1076424.648687324,0.7604790555082321,1.0,1.0,1.0,1.0,6.0,1.0,1.0,1.0,1.0,0.0,4.718186696007224,1.0,0
146440.97778174252,1451261.0844316492,0.8258509710505046,1.0,1.0,1.0,1.0,4.0,1.0,1.0,1.0,1.0,0.0,5.857639111269701,1.0,0
100000.0,564455.6401248793,0.4703797001040661,0.0,1.0,1.0,1.0,1.0,0.0,1.0,1.0,0.0,0.0,4.0,0.75,1
70465.62668622797,2155295.170390837,2.548872965618657,1.0,1.0,0.0,1.0,3.0,1.0,1.0,1.0,1.0,0.0,2.818625067449119,0.75,0
35561.61469834867,3940423.2281721253,9.233793378986393,1.0,1.0,1.0,1.0,4.0,1.0,1.0,1.0,1.0,1.0,1.4224645879339468,1.0,0
185002.29114808733,3829085.1722288365,1.7247917798144992,1.0,1.0,1.0,1.0,4.0,1.0,0.0,1.0,1.0,0.0,7.400091645923493,1.0,0
131320.34908275172,1600642.741854397,1.0157366781783312,1.0,1.0,0.0,0.0,5.0,0.0,1.0,1.0,0.0,1.0,5.252813963310069,0.5,0
138688.1635736645,4907604.285779927,2.9488242779836815,1.0,1.0,1.0,1.0,4.0,0.0,1.0,1.0,1.0,1.0,5.54752654294658,1.0,0
142160.2171596833,3342253.013159297,1.9592055358011238,1.0,1.0,1.0,1.0,4.0,1.0,1.0,1.0,1.0,1.0,5.686408686387332,1.0,0
96633.45110513252,2026656.485036819,1.7477181916642188,1.0,1.0,1.0,1.0,5.0,1.0,1.0,1.0,1.0,1.0,3.865338044205301,1.0,0
30457.048635724816,4462053.512917254,12.20859569127636,1.0,1.0,1.0,0.0,3.0,1.0,0.0,1.0,1.0,1.0,1.2182819454289926,0.75,0
190328.1039009968,4283546.116352868,1.8755095492803335,1.0,1.0,1.0,0.0,4.0,1.0,1.0,1.0,1.0,1.0,7.613124156039872,0.75,0
32913.26726858315,3660687.861144584,9.268521392078155,0.0,1.0,1.0,1.0,3.0,1.0,1.0,1.0,1.0,1.0,1.316530690743326,0.75,0
191495.584886165,2709269.925438311,1.1789958182103097,1.0,1.0,1.0,0.0,6.0,1.0,1.0,1.0,1.0,1.0,7.659823395446599,0.75,0
41718.67992106693,2847323.6452008546,5.687547421978359,1.0,1.0,1.0,1.0,4.0,1.0,1.0,1.0,1.0,0.0,1.668747196842677,1.0,0
791877.7401969595,1670811.1039589078,0.17582797393523317,1.0,0.0,0.0,1.0,3.0,0.0,1.0,1.0,0.0,1.0,31.67510960787838,0.5,1
175989.488570065,2724717.336803135,1.2901894306973385,1.0,1.0,1.0,1.0,5.0,1.0,1.0,1.0,1.0,1.0,7.0395795428026,1.0,0
70286.49678000296,2139154.5910808314,2.5362322886575623,0.0,1.0,0.0,1.0,6.0,1.0,1.0,1.0,0.0,1.0,2.8114598712001184,0.5,0
186482.508339844,1292643.7477707993,0.5776429825682351,1.0,0.0,1.0,0.0,6.0,1.0,1.0,1.0,1.0,1.0,7.45930033359376,0.5,0
32135.649772083685,745470.9899273533,1.9331360322426758,1.0,1.0,1.0,1.0,3.0,1.0,1.0,1.0,1.0,1.0,1.2854259908833474,1.0,0
136550.23276218615,1322776.3792625798,0.8072587113822474,1.0,1.0,1.0,0.0,6.0,1.0,1.0,1.0,1.0,1.0,5.462009310487446,0.75,0
164897.77881957137,2701594.6242192597,1.3652875554978938,1.0,1.0,1.0,1.0,3.0,1.0,1.0,1.0,1.0,0.0,6.595911152782855,1.0,0
95609.50158716948,2901684.5250367788,2.529111016571963,1.0,1.0,1.0,0.0,5.0,1.0,1.0,1.0,1.0,1.0,3.824380063486779,0.75,0
100000.0,482904.20489663526,0.40242017074719605,0.0,1.0,0.0,0.0,2.0,0.0,1.0,1.0,0.0,1.0,4.0,0.25,1
88747.22568341321,3123625.9289772264,2.9330737805446967,1.0,1.0,0.0,0.0,5.0,0.0,0.0,1.0,0.0,1.0,3.5498890273365284,0.5,0
122612.09803975436,4042023.7479159296,2.747162129279574,1.0,1.0,1.0,1.0,3.0,1.0,0.0,1.0,1.0,1.0,4.904483921590175,1.0,0
118355.69109585627,3168548.1749632126,2.2309504410149894,1.0,1.0,1.0,1.0,4.0,1.0,1.0,1.0,1.0,1.0,4.7342276438342505,1.0,0
148592.38975238684,1018318.5260781528,0.5710916778079229,1.0,1.0,1.0,1.0,5.0,1.0,0.0,1.0,1.0,1.0,5.943695590095474,1.0,0
111208.16644875218,2415217.4395319163,1.8098321947762979,1.0,1.0,0.0,1.0,6.0,1.0,1.0,1.0,1.0,1.0,4.448326657950087,0.75,0
67609.40190085238,3621824.1274822983,4.464152452240321,1.0,1.0,1.0,1.0,6.0,1.0,1.0,1.0,1.0,1.0,2.704376076034095,1.0,0
72846.23758787359,3031951.6730590183,3.4684377366339723,1.0,1.0,1.0,1.0,6.0,1.0,1.0,1.0,1.0,1.0,2.9138495035149434,1.0,0
55310.32723425266,2664615.4657343957,4.014644279191452,1.0,1.0,1.0,1.0,3.0,1.0,1.0,1.0,1.0,1.0,2.2124130893701066,1.0,0
8332.292639878056,15898560.624916906,159.005463362578,1.0,1.0,1.0,0.0,3.0,1.0,1.0,1.0,0.0,0.0,0.3332917055951223,0.75,1
183436.36234231116,1367242.09095139,0.6211246203192688,1.0,1.0,1.0,1.0,5.0,1.0,1.0,1.0,0.0,1.0,7.337454493692446,1.0,0
140497.20805598132,2361631.6246569706,1.4007583361347977,1.0,1.0,1.0,1.0,5.0,1.0,1.0,1.0,0.0,0.0,5.619888322239253,1.0,0
41010.196544607104,2544588.7562261154,5.170642447133741,1.0,1.0,1.0,1.0,3.0,1.0,1.0,1.0,1.0,1.0,1.640407861784284,1.0,0
9982.51790186256,7592907.874830904,63.385042643852096,0.0,1.0,0.0,0.0,2.0,0.0,1.0,1.0,0.0,0.0,0.3993007160745024,0.25,1
193895.77187630796,3072985.4511154382,1.3207205007525853,1.0,0.0,1.0,1.0,3.0,1.0,1.0,1.0,1.0,1.0,7.755830875052318,0.75,0
34044.30120450635,1382357.8503059393,3.383723074047021,1.0,1.0,1.0,1.0,6.0,1.0,1.0,1.0,1.0,1.0,1.361772048180254,1.0,0
100000.0,751805.4135761525,0.6265045113134604,0.0,0.0,0.0,0.0,3.0,0.0,0.0,0.0,1.0,1.0,4.0,0.0,1
49649.978566464975,1543635.0420963464,2.5908622163014083,1.0,1.0,1.0,1.0,6.0,1.0,1.0,1.0,0.0,1.0,1.985999142658599,1.0,0
142547.6197710249,4977643.829337419,2.909930401581496,1.0,1.0,1.0,1.0,4.0,1.0,1.0,1.0,1.0,1.0,5.701904790840996,1.0,0
58576.78182578001,2224013.9405026087,3.163958299947389,1.0,1.0,1.0,0.0,5.0,1.0,1.0,1.0,1.0,1.0,2.3430712730312004,0.75,0
113048.84525151535,2345673.1434904165,1.7291000321377852,1.0,1.0,1.0,0.0,5.0,1.0,1.0,0.0,1.0,0.0,4.521953810060614,0.75,0
78755.72535228629,615933.6132378548,0.651734218351206,1.0,0.0,1.0,0.0,2.0,0.0,1.0,1.0,0.0,1.0,3.1502290140914515,0.5,1
167272.50427531637,885790.4899867414,0.44129114037814077,1.0,1.0,1.0,0.0,6.0,1.0,1.0,1.0,1.0,1.0,6.690900171012655,0.75,0
111864.09326021637,646409.8403742543,0.4815440337280425,1.0,1.0,0.0,1.0,6.0,1.0,1.0,1.0,1.0,1.0,4.474563730408654,0.75,0
55514.1250758735,2756962.3069100566,4.1385297632839695,1.0,1.0,1.0,1.0,6.0,1.0,1.0,1.0,1.0,0.0,2.22056500303494,1.0,0
104544.68633436032,262627.83735588845,0.20934256804783802,0.0,1.0,1.0,1.0,4.0,1.0,1.0,1.0,1.0,1.0,4.181787453374413,0.75,0
72206.18201547318,3598858.344552821,4.153451320578082,1.0,1.0,1.0,1.0,6.0,0.0,1.0,1.0,1.0,1.0,2.8882472806189274,1.0,0
179013.8403232552,3641414.9859701428,1.6951273057037741,1.0,1.0,1.0,1.0,5.0,1.0,0.0,1.0,1.0,1.0,7.160553612930208,1.0,0
44259.086792343434,3895705.5251251613,7.335038985710041,1.0,1.0,1.0,0.0,6.0,1.0,1.0,1.0,1.0,1.0,1.7703634716937373,0.75,0
32152.0078466338,1760417.1817598827,4.56274558382464,1.0,1.0,1.0,1.0,4.0,1.0,1.0,1.0,1.0,1.0,1.286080313865352,1.0,0
706844.1886389855,16001622.407159872,1.8865098636483901,0.0,0.0,0.0,0.0,3.0,1.0,1.0,1.0,0.0,0.0,28.27376754555942,0.0,1
4735.0858774106455,8909439.468124498,156.79827319549716,1.0,1.0,0.0,1.0,1.0,1.0,0.0,1.0,1.0,0.0,0.18940343509642582,0.75,1
87865.83964495899,858660.2017288273,0.8143667334184614,1.0,1.0,1.0,1.0,4.0,1.0,1.0,1.0,0.0,1.0,3.5146335857983595,1.0,0
189014.98526637894,4709844.150465229,2.076486221373596,0.0,1.0,1.0,1.0,6.0,0.0,1.0,1.0,0.0,1.0,7.560599410655158,0.75,0
182702.65183592308,4697693.610397565,2.142686291629176,1.0,1.0,1.0,1.0,4.0,1.0,1.0,1.0,1.0,0.0,7.308106073436924,1.0,0
157623.0693312646,2870118.2474008887,1.5173954017738442,0.0,1.0,1.0,1.0,4.0,1.0,1.0,1.0,1.0,1.0,6.304922773250584,0.75,0
105851.01563772322,2984784.458443467,2.349831380502872,1.0,1.0,1.0,1.0,4.0,1.0,1.0,1.0,0.0,1.0,4.2340406255089285,1.0,0
84330.21343352261,2819916.2515812027,2.7865815986620843,1.0,1.0,0.0,1.0,6.0,1.0,1.0,1.0,1.0,1.0,3.3732085373409046,0.75,0
67432.33813607768,1908359.8066284913,2.3583637803688036,1.0,1.0,1.0,1.0,3.0,1.0,1.0,1.0,1.0,1.0,2.6972935254431074,1.0,0
194728.79467383682,441241.62599578814,0.18882741795448157,1.0,1.0,0.0,1.0,6.0,1.0,0.0,1.0,1.0,1.0,7.7891517869534725,0.75,0
1857.5905620621013,16620151.52560181,745.5962876964605,1.0,1.0,0.0,0.0,2.0,0.0,1.0,1.0,1.0,0.0,0.07430362248248405,0.5,1
140534.54092560295,4690430.06396215,2.7813032256871755,1.0,0.0,1.0,1.0,6.0,1.0,1.0,1.0,1.0,1.0,5.621381637024118,0.75,0
195360.56960604445,2741563.308406443,1.1694458584686762,1.0,1.0,1.0,1.0,4.0,1.0,1.0,1.0,1.0,1.0,7.814422784241778,1.0,0
146977.7546741719,1003933.6403548329,0.5692095166489686,1.0,1.0,1.0,1.0,4.0,1.0,1.0,1.0,0.0,1.0,5.8791101869668765,1.0,0
69898.48714773866,3512506.0544769256,4.187627655723115,1.0,1.0,1.0,1.0,5.0,1.0,1.0,1.0,1.0,1.0,2.7959394859095466,1.0,0
572782.8624790187,1955100.03327824,0.2844446184511232,0.0,1.0,0.0,0.0,1.0,0.0,1.0,1.0,0.0,1.0,22.91131449916075,0.25,1
165384.47163195696,2432488.833906956,1.2256737336058996,1.0,1.0,1.0,0.0,5.0,1.0,0.0,1.0,1.0,1.0,6.615378865278278,0.75,0
9035.312259127926,10416358.684929391,96.07082362138122,1.0,1.0,0.0,0.0,1.0,0.0,0.0,1.0,1.0,0.0,0.361412490365117,0.5,1
47469.000654471914,2008084.200996489,3.525255383004911,1.0,1.0,0.0,1.0,5.0,1.0,1.0,1.0,1.0,1.0,1.8987600261788766,0.75,0
73091.05622092381,188807.8011240757,0.21526550908566747,1.0,1.0,1.0,1.0,3.0,1.0,1.0,0.0,1.0,1.0,2.9236422488369525,1.0,0
135144.76167367096,1596022.3158139833,0.9841436545821874,1.0,1.0,1.0,1.0,6.0,0.0,1.0,1.0,1.0,1.0,5.405790466946838,1.0,0
8963.645620810967,12945874.202130012,120.35536608818956,1.0,1.0,1.0,1.0,1.0,0.0,0.0,1.0,0.0,1.0,0.3585458248324387,1.0,1
200000.0,776842.2350252749,0.32368426459386457,1.0,1.0,0.0,0.0,1.0,1.0,0.0,1.0,0.0,0.0,8.0,0.5,1
194734.60806877233,1918453.3983076264,0.8209692057878873,0.0,1.0,1.0,0.0,6.0,1.0,1.0,1.0,1.0,1.0,7.789384322750893,0.5,0
93926.27098947774,2275205.3270812514,2.018609297761624,1.0,1.0,1.0,1.0,3.0,1.0,1.0,1.0,1.0,1.0,3.7570508395791093,1.0,0
66681.98668317715,3444824.383994672,4.305041180463895,1.0,0.0,1.0,1.0,4.0,1.0,1.0,1.0,1.0,1.0,2.667279467327086,0.75,0
40961.068033520816,4838920.414769935,9.844552089498672,1.0,1.0,1.0,1.0,6.0,0.0,1.0,1.0,0.0,1.0,1.6384427213408326,1.0,0
163255.32635373573,4093204.669848642,2.089367598426587,0.0,1.0,1.0,1.0,6.0,1.0,1.0,1.0,1.0,1.0,6.530213054149429,0.75,0
144568.404950688,2326292.57303151,1.3409410893439475,1.0,1.0,1.0,1.0,6.0,1.0,1.0,1.0,1.0,1.0,5.7827361980275205,1.0,0
30868.176078761393,3141236.351140462,8.48024500250536,1.0,1.0,1.0,0.0,3.0,1.0,1.0,1.0,1.0,1.0,1.2347270431504558,0.75,0
51322.95594311743,651643.9130184914,1.0580773928608824,1.0,1.0,0.0,1.0,5.0,1.0,1.0,1.0,1.0,1.0,2.0529182377246973,0.75,0
115229.30500136879,4132620.644704661,2.9886933165247984,1.0,1.0,1.0,1.0,6.0,1.0,1.0,1.0,1.0,0.0,4.6091722000547515,1.0,0
39307.83059105258,3541067.953555155,7.507130047435528,1.0,0.0,1.0,1.0,4.0,1.0,1.0,1.0,1.0,1.0,1.5723132236421034,0.75,0
79478.84735230064,2644200.3968230053,2.7724361941467612,1.0,1.0,1.0,1.0,6.0,1.0,1.0,1.0,1.0,1.0,3.1791538940920256,1.0,0
773350.9641849218,6536631.743489802,0.7043623622188069,1.0,0.0,0.0,1.0,3.0,0.0,0.0,1.0,1.0,0.0,30.934038567396872,0.5,1
94471.7654879996,4126971.6382682603,3.6403924644840884,1.0,0.0,0.0,0.0,5.0,1.0,1.0,1.0,1.0,0.0,3.7788706195199837,0.25,0
183612.0173915788,4147293.2422696007,1.8822720598514833,1.0,1.0,0.0,1.0,5.0,1.0,1.0,1.0,0.0,1.0,7.344480695663152,0.75,0
53746.51463792376,3054420.0947493617,4.735842121308071,1.0,0.0,1.0,1.0,3.0,1.0,1.0,1.0,1.0,1.0,2.1498605855169504,0.75,0
159572.79765658933,3372242.947809392,1.761078641082397,1.0,1.0,1.0,1.0,3.0,1.0,1.0,1.0,1.0,1.0,6.3829119062635735,1.0,0
87242.7253813661,1546977.2401019807,1.4776563827524913,1.0,1.0,1.0,0.0,6.0,1.0,1.0,1.0,1.0,1.0,3.4897090152546437,0.75,0
82130.72894269858,2777508.548781452,2.818178393293858,1.0,1.0,1.0,1.0,4.0,1.0,1.0,1.0,1.0,1.0,3.2852291577079433,1.0,0
7535.853589994951,14808766.824100206,163.7590071610159,1.0,1.0,0.0,0.0,2.0,0.0,1.0,1.0,1.0,1.0,0.30143414359979803,0.5,1
198259.42376824608,2108533.9595118123,0.8862689094569715,1.0,1.0,1.0,1.0,6.0,1.0,1.0,1.0,1.0,1.0,7.930376950729843,1.0,0
190334.00272942492,3006785.6935261833,1.3164514530633513,1.0,1.0,1.0,1.0,6.0,1.0,0.0,1.0,1.0,1.0,7.6133601091769965,1.0,0
124120.81205195701,3719127.54484842,2.496980887252811,1.0,1.0,1.0,1.0,3.0,1.0,1.0,1.0,1.0,1.0,4.96483248207828,1.0,0
189580.25226176,386899.5532954981,0.17006850163261927,1.0,1.0,1.0,1.0,4.0,1.0,1.0,1.0,1.0,0.0,7.5832100904704,1.0,0
83659.51728803266,3641264.0927213193,3.6270670000249887,1.0,1.0,1.0,1.0,5.0,1.0,1.0,1.0,1.0,0.0,3.3463806915213063,1.0,0
113831.81626977962,2209593.758464817,1.6175865345854583,1.0,0.0,1.0,0.0,5.0,1.0,1.0,1.0,1.0,1.0,4.553272650791185,0.5,0
163526.3326520235,4037657.3236635225,2.0575979304484413,1.0,1.0,0.0,1.0,5.0,1.0,1.0,1.0,1.0,1.0,6.54105330608094,0.75,0
106795.2644687272,1285687.9385535223,1.0032341984367743,1.0,1.0,1.0,0.0,6.0,1.0,1.0,1.0,1.0,1.0,4.271810578749088,0.75,0
46239.64353941579,163592.91340694763,0.29482802505368416,1.0,1.0,0.0,0.0,3.0,0.0,1.0,1.0,1.0,0.0,1.8495857415766315,0.5,1
92567.9616151355,3952763.176981762,3.5584334543809177,1.0,1.0,1.0,1.0,4.0,1.0,1.0,1.0,1.0,1.0,3.70271846460542,1.0,0
186769.3341908928,3923843.005497804,1.7507527054233156,1.0,1.0,1.0,0.0,5.0,1.0,1.0,1.0,1.0,1.0,7.470773367635712,0.75,0
177009.0543922319,1400098.074021788,0.6591461657282092,1.0,1.0,0.0,1.0,4.0,1.0,1.0,1.0,1.0,1.0,7.080362175689276,0.75,0
47408.02181761018,2462001.184749204,4.327680369897987,1.0,1.0,1.0,1.0,4.0,1.0,1.0,1.0,1.0,1.0,1.8963208727044072,1.0,0
93677.89379896119,1989008.3332109193,1.7693682865026297,1.0,1.0,1.0,1.0,6.0,1.0,1.0,1.0,0.0,1.0,3.7471157519584475,1.0,0
783.8842697025849,7326414.0629106425,778.8579626354763,1.0,0.0,1.0,0.0,3.0,1.0,0.0,0.0,0.0,0.0,0.031355370788103396,0.5,1
121981.15044026385,616288.1190291967,0.42102688052268844,1.0,1.0,1.0,1.0,3.0,1.0,1.0,1.0,1.0,1.0,4.879246017610554,1.0,0
59775.24426848017,3946581.064801579,5.50197258789878,1.0,1.0,1.0,1.0,6.0,1.0,1.0,1.0,1.0,0.0,2.391009770739207,1.0,0
165992.2767662593,144365.3917438178,0.07247595819729251,0.0,1.0,1.0,1.0,6.0,1.0,1.0,1.0,1.0,1.0,6.639691070650373,0.75,0
42005.88640988449,3949692.928593137,7.835594139618264,1.0,1.0,0.0,1.0,4.0,1.0,1.0,1.0,0.0,1.0,1.6802354563953796,0.75,0
160648.24408819506,1154489.1728844638,0.5988701066716168,1.0,1.0,0.0,1.0,4.0,1.0,1.0,1.0,1.0,1.0,6.425929763527803,0.75,0
180240.12424639554,1841384.3865601232,0.8513570411782433,1.0,1.0,1.0,1.0,5.0,1.0,1.0,1.0,1.0,1.0,7.209604969855822,1.0,0
621658.1609121616,8273732.4876735695,1.1090945967707677,1.0,0.0,1.0,0.0,1.0,1.0,1.0,0.0,0.0,0.0,24.866326436486464,0.5,1
40211.05041529915,3216870.627406757,6.666638884467004,1.0,1.0,1.0,1.0,4.0,1.0,0.0,1.0,1.0,1.0,1.608442016611966,1.0,0
27518.860510207276,2373269.184772847,7.186795833753593,1.0,1.0,1.0,1.0,3.0,1.0,1.0,1.0,1.0,1.0,1.100754420408291,1.0,0
128661.30750383838,4761973.782143273,3.0843083768607022,0.0,1.0,1.0,1.0,3.0,0.0,1.0,1.0,0.0,0.0,5.146452300153535,0.75,0
85491.77458167606,2631205.879385297,2.564774888442171,1.0,1.0,1.0,1.0,4.0,1.0,1.0,1.0,0.0,1.0,3.4196709832670424,1.0,0
37861.93078275221,4792146.973910705,10.547417231588861,0.0,1.0,1.0,1.0,3.0,1.0,1.0,1.0,1.0,1.0,1.5144772313100885,0.75,0
589145.4984573788,4800673.363052375,0.6790446751018323,0.0,1.0,0.0,0.0,1.0,0.0,0.0,0.0,1.0,0.0,23.565819938295153,0.25,1
104155.69979070252,3144333.0003430895,2.515731261516432,1.0,1.0,1.0,0.0,6.0,1.0,1.0,1.0,1.0,1.0,4.166227991628101,0.75,0
64277.10007141562,3239014.399389548,4.199285069113279,1.0,1.0,1.0,1.0,4.0,1.0,1.0,1.0,1.0,1.0,2.5710840028566246,1.0,0
146148.39879062417,689015.4226908236,0.39287431382098376,1.0,1.0,1.0,1.0,5.0,1.0,1.0,1.0,1.0,1.0,5.845935951624966,1.0,0
56870.635245522375,4727798.055202086,6.927708290331788,1.0,0.0,1.0,1.0,3.0,1.0,1.0,1.0,1.0,1.0,2.274825409820895,0.75,0
102267.83774034098,3209889.238944313,2.6155903539408714,1.0,1.0,1.0,1.0,6.0,1.0,1.0,1.0,1.0,1.0,4.090713509613639,1.0,0
171975.72800167606,2020110.9286213273,0.9788740500837999,1.0,1.0,1.0,1.0,4.0,1.0,1.0,1.0,0.0,1.0,6.879029120067043,1.0,0
145656.3695990215,2043113.0417508197,1.1689116007395355,1.0,1.0,0.0,1.0,5.0,1.0,1.0,1.0,1.0,1.0,5.82625478396086,0.75,0
49294.75521364677,3092822.3482712647,5.228450665232649,1.0,1.0,1.0,1.0,5.0,0.0,1.0,1.0,1.0,1.0,1.971790208545871,1.0,0
51328.450235576805,288001.93081906444,0.4675800806655506,0.0,0.0,0.0,0.0,2.0,0.0,1.0,0.0,1.0,0.0,2.0531380094230722,0.0,1
68569.00943601139,218102.4565995613,0.2650644200072806,1.0,0.0,0.0,0.0,2.0,1.0,0.0,1.0,0.0,1.0,2.7427603774404554,0.25,1
39183.08778383839,680662.8556309426,1.4476119122829219,1.0,1.0,1.0,1.0,3.0,1.0,1.0,1.0,1.0,1.0,1.5673235113535355,1.0,0
111710.98033608473,194705.39149624508,0.1452448921541926,1.0,1.0,1.0,1.0,5.0,1.0,1.0,1.0,0.0,0.0,4.468439213443389,1.0,0
156402.43686351203,4009779.382117881,2.136464677559714,1.0,1.0,0.0,1.0,6.0,1.0,1.0,1.0,1.0,1.0,6.256097474540481,0.75,0
150671.53833963652,3400862.545627048,1.880947226388231,1.0,1.0,1.0,1.0,3.0,1.0,1.0,1.0,1.0,1.0,6.0268615335854605,1.0,0
37733.52611373387,489092.2647508446,1.0801452428905784,1.0,1.0,1.0,1.0,5.0,1.0,1.0,1.0,1.0,1.0,1.5093410445493547,1.0,0
182573.16000358283,4020347.7466258816,1.8350396020911042,1.0,1.0,1.0,1.0,6.0,1.0,1.0,1.0,1.0,1.0,7.302926400143313,1.0,0
30245.37822771864,3122239.6784774517,8.6025255797486,1.0,1.0,1.0,1.0,6.0,1.0,1.0,1.0,1.0,1.0,1.2098151291087456,1.0,0
177876.25921868603,4964802.511095445,2.3259626911910236,1.0,1.0,1.0,1.0,5.0,1.0,1.0,1.0,1.0,1.0,7.115050368747441,1.0,0
37809.286659477635,1701038.4559472,3.749163689305772,1.0,1.0,1.0,0.0,5.0,1.0,1.0,1.0,1.0,1.0,1.5123714663791055,0.75,0
50737.85916258163,3743610.189265143,6.148614090563883,1.0,1.0,1.0,1.0,4.0,1.0,1.0,1.0,1.0,1.0,2.0295143665032653,1.0,0
145470.4193748538,709405.1551025001,0.406385686606199,0.0,1.0,1.0,1.0,4.0,1.0,1.0,1.0,1.0,1.0,5.818816774994152,0.75,0
110548.15154496103,4670281.48985053,3.5205484552667836,1.0,1.0,1.0,1.0,4.0,1.0,1.0,1.0,1.0,1.0,4.421926061798441,1.0,0
81411.92287057653,1886509.268167946,1.9310329511634698,0.0,1.0,1.0,1.0,5.0,1.0,1.0,1.0,1.0,1.0,3.256476914823061,0.75,0
36236.56398814847,1442950.7877767358,3.3183581925902876,1.0,0.0,1.0,1.0,3.0,1.0,1.0,1.0,1.0,0.0,1.4494625595259387,0.75,0
69061.90176943873,2217176.7264265604,2.6753495410399406,1.0,1.0,1.0,1.0,5.0,1.0,1.0,0.0,1.0,1.0,2.762476070777549,1.0,0
98801.1622028547,477199.3886183348,0.4024913759268064,1.0,1.0,1.0,1.0,4.0,1.0,1.0,1.0,1.0,0.0,3.952046488114188,1.0,0
153098.93981699587,1627899.052117772,0.8860822583442078,0.0,1.0,1.0,1.0,5.0,1.0,1.0,1.0,1.0,1.0,6.123957592679835,0.75,0
51435.131061657536,3591844.532182713,5.819376202679145,1.0,1.0,1.0,1.0,5.0,1.0,1.0,1.0,1.0,1.0,2.0574052424663014,1.0,0
100000.0,2773280.0259163203,2.3110666882636,0.0,0.0,1.0,0.0,3.0,0.0,0.0,0.0,1.0,1.0,4.0,0.25,1
123401.94277863421,3855923.7427096646,2.603905346413826,0.0,1.0,1.0,0.0,3.0,1.0,1.0,0.0,1.0,1.0,4.936077711145368,0.5,0
42120.97811392526,1329736.64056746,2.6307885447066717,1.0,1.0,1.0,1.0,3.0,1.0,1.0,1.0,1.0,0.0,1.6848391245570105,1.0,0
7983.961490029909,18761103.891391225,195.820749666059,0.0,0.0,0.0,0.0,2.0,1.0,1.0,0.0,1.0,0.0,0.31935845960119635,0.0,1
56701.13616856905,1175814.2238260296,1.7280873942431607,1.0,1.0,0.0,0.0,5.0,1.0,1.0,0.0,1.0,1.0,2.268045446742762,0.5,0
134822.6640147111,1589337.3660795467,0.9823628799693296,1.0,1.0,1.0,1.0,5.0,1.0,1.0,1.0,1.0,1.0,5.392906560588444,1.0,0
154634.50810698577,2980069.868224771,1.6059750098831829,1.0,0.0,1.0,0.0,4.0,1.0,1.0,1.0,1.0,1.0,6.185380324279431,0.5,0
172853.17941965454,1270101.4357695426,0.6123218946245986,1.0,1.0,0.0,1.0,6.0,1.0,1.0,1.0,1.0,1.0,6.914127176786182,0.75,0
77741.12797872486,2754353.5808090195,2.952484367479628,1.0,1.0,1.0,1.0,4.0,1.0,1.0,1.0,1.0,1.0,3.1096451191489947,1.0,0
31899.691989488532,1921522.5450410184,5.019699839301979,1.0,1.0,1.0,1.0,4.0,1.0,0.0,1.0,0.0,1.0,1.2759876795795413,1.0,0
39236.03661233246,4305067.560470103,9.143523684204462,1.0,1.0,1.0,1.0,4.0,1.0,0.0,1.0,1.0,1.0,1.5694414644932984,1.0,0
166769.84406885662,4175315.51401129,2.0863661619619953,1.0,1.0,1.0,1.0,3.0,1.0,1.0,1.0,1.0,0.0,6.670793762754265,1.0,0
70139.78485015224,884351.0112774076,1.0507006510484138,1.0,1.0,1.0,1.0,3.0,1.0,1.0,1.0,1.0,1.0,2.8055913940060897,1.0,0
125890.38321499438,3542448.4575205543,2.344929220070498,1.0,1.0,1.0,1.0,5.0,0.0,1.0,1.0,0.0,1.0,5.035615328599775,1.0,0
27704.9078925518,3964213.3268947913,11.923920189728465,1.0,0.0,0.0,1.0,4.0,1.0,1.0,1.0,1.0,1.0,1.108196315702072,0.5,0
171112.79143987736,3548899.749008223,1.7283432948646495,1.0,1.0,1.0,1.0,5.0,1.0,1.0,1.0,1.0,1.0,6.844511657595095,1.0,0
190768.50104217528,4126020.798781311,1.8023681304131751,1.0,1.0,1.0,0.0,4.0,1.0,1.0,1.0,1.0,1.0,7.6307400416870115,0.75,0
141822.60424117977,1173437.1645991032,0.6894982002795942,1.0,1.0,1.0,1.0,6.0,1.0,1.0,1.0,1.0,1.0,5.6729041696471905,1.0,0
94825.4731772728,2436532.994757304,2.141243375081199,1.0,1.0,1.0,1.0,4.0,1.0,1.0,1.0,1.0,0.0,3.793018927090912,1.0,0
161473.9230563362,3952407.6960791843,2.0397554092476384,1.0,0.0,1.0,1.0,5.0,1.0,1.0,1.0,1.0,1.0,6.458956922253448,0.75,0
39160.87453396913,3828171.5215608305,8.146250492610463,1.0,1.0,1.0,1.0,6.0,1.0,1.0,1.0,1.0,1.0,1.5664349813587652,1.0,0
32953.11655975513,4368901.963088955,11.048277116082632,1.0,1.0,1.0,1.0,4.0,1.0,1.0,1.0,1.0,1.0,1.3181246623902052,1.0,0
167987.61241612397,4129869.6309745642,2.0486975059131236,1.0,1.0,1.0,1.0,4.0,1.0,1.0,1.0,1.0,1.0,6.719504496644959,1.0,0
103477.96634620595,845310.987789137,0.6807495818006498,1.0,1.0,1.0,1.0,5.0,1.0,1.0,1.0,0.0,1.0,4.1391186538482385,1.0,0
184817.09669738248,2638585.9545701956,1.189728476477922,1.0,1.0,1.0,1.0,4.0,1.0,1.0,1.0,1.0,1.0,7.3926838678952995,1.0,0
154228.61161898213,1375159.3301276239,0.743030814068901,1.0,1.0,1.0,0.0,4.0,1.0,0.0,1.0,1.0,0.0,6.1691444647592855,0.75,0
786067.0884592228,2657201.6473239763,0.28169792866454324,0.0,1.0,0.0,0.0,3.0,0.0,0.0,0.0,0.0,0.0,31.44268353836891,0.25,1
30317.73544694645,2268473.0225922535,6.235275021782479,1.0,1.0,1.0,1.0,4.0,1.0,1.0,1.0,1.0,1.0,1.2127094178778581,1.0,0
76528.5561121775,534142.1054301244,0.581637030416861,1.0,1.0,1.0,1.0,5.0,1.0,0.0,0.0,1.0,1.0,3.0611422444870997,1.0,0
125351.63042157507,4480549.579038565,2.9786539698831263,1.0,1.0,1.0,1.0,6.0,1.0,1.0,1.0,1.0,0.0,5.014065216863003,1.0,0
81908.26123932161,3432548.238690166,3.4922690608916525,1.0,1.0,1.0,1.0,5.0,0.0,1.0,1.0,0.0,1.0,3.2763304495728645,1.0,0
165302.41453721357,159568.18023919535,0.08044255367045909,1.0,1.0,1.0,1.0,3.0,1.0,1.0,1.0,1.0,1.0,6.612096581488543,1.0,0
187667.60024336952,4823685.294876741,2.1419455145788486,1.0,1.0,1.0,1.0,3.0,1.0,1.0,1.0,1.0,0.0,7.506704009734781,1.0,0
101819.99862348632,264706.6408980849,0.2166459147488032,1.0,1.0,1.0,1.0,5.0,1.0,1.0,1.0,1.0,1.0,4.072799944939453,1.0,0
72018.53789236557,537518.6701753074,0.621967951939737,1.0,1.0,1.0,1.0,4.0,1.0,1.0,1.0,1.0,1.0,2.8807415156946226,1.0,0
146929.00393872638,419502.49717641104,0.23792811830362848,1.0,1.0,1.0,1.0,5.0,1.0,1.0,1.0,1.0,1.0,5.8771601575490555,1.0,0
99154.19438853349,438324.94094153866,0.3683866188117504,1.0,1.0,1.0,1.0,6.0,1.0,1.0,1.0,1.0,1.0,3.9661677755413396,1.0,0
121167.55440665371,3372807.994137773,2.319658379020482,1.0,1.0,0.0,1.0,3.0,1.0,1.0,1.0,0.0,1.0,4.846702176266149,0.75,0
500000.0,3653122.547431273,0.6088537579052121,1.0,0.0,0.0,0.0,2.0,0.0,1.0,0.0,0.0,0.0,20.0,0.25,1
199411.44648793346,4524185.476440737,1.8906409988499575,1.0,1.0,0.0,1.0,5.0,1.0,1.0,0.0,1.0,0.0,7.976457859517338,0.75,0
134848.90928749813,2832773.248625215,1.7505846998149963,1.0,1.0,1.0,1.0,6.0,1.0,1.0,1.0,1.0,1.0,5.393956371499925,1.0,0
124730.69485248039,1086429.328329923,0.7258500200604513,1.0,1.0,0.0,1.0,4.0,1.0,1.0,1.0,1.0,1.0,4.989227794099215,0.75,0
182622.82620197025,3057822.282740938,1.3953267992903051,1.0,1.0,1.0,1.0,4.0,1.0,1.0,1.0,1.0,0.0,7.30491304807881,1.0,0
183441.84587337114,1456831.9881512637,0.6618046449613003,1.0,1.0,1.0,1.0,4.0,1.0,1.0,1.0,1.0,1.0,7.337673834934845,1.0,0
83275.33478518465,1166570.2579446267,1.1673827359904823,1.0,1.0,1.0,1.0,5.0,1.0,1.0,1.0,1.0,1.0,3.331013391407386,1.0,0
45096.44432936062,4461475.472400661,8.244322323611591,1.0,1.0,1.0,0.0,5.0,1.0,1.0,1.0,1.0,1.0,1.8038577731744248,0.75,0
5719.919453067082,13186662.281084158,192.1160835288413,0.0,0.0,0.0,0.0,1.0,1.0,1.0,1.0,1.0,0.0,0.2287967781226833,0.0,1
116053.84765816382,3034994.6900683315,2.1793006373845074,1.0,1.0,1.0,0.0,5.0,1.0,1.0,1.0,1.0,1.0,4.642153906326553,0.75,0
28218.36839580668,4833632.775130519,14.274486944494427,1.0,1.0,0.0,1.0,3.0,1.0,1.0,1.0,1.0,1.0,1.1287347358322672,0.75,0
104413.16974213687,1340197.5419800829,1.0696268370566429,1.0,1.0,1.0,1.0,6.0,1.0,1.0,1.0,1.0,0.0,4.176526789685475,1.0,0
165062.3888689133,436697.0208474088,0.22047068780066859,1.0,1.0,1.0,1.0,5.0,1.0,1.0,0.0,1.0,1.0,6.602495554756532,1.0,0
68098.14194446447,474155.1093515773,0.5802350056998877,1.0,0.0,0.0,0.0,1.0,1.0,1.0,0.0,1.0,1.0,2.723925677778579,0.25,1
46036.58468985648,1517018.4868501541,2.7460379193890843,1.0,0.0,0.0,1.0,3.0,1.0,1.0,1.0,1.0,1.0,1.8414633875942592,0.5,0
186821.3831987485,3217827.6344983154,1.435340528389022,1.0,1.0,0.0,1.0,4.0,1.0,1.0,1.0,1.0,1.0,7.472855327949939,0.75,0
48266.96318053502,635138.6085540801,1.096572352843848,1.0,1.0,0.0,0.0,1.0,0.0,0.0,1.0,1.0,0.0,1.9306785272214009,0.5,1
169517.93134883346,4347174.7370794015,2.137027974213634,1.0,1.0,1.0,1.0,5.0,1.0,1.0,1.0,1.0,1.0,6.7807172539533385,1.0,0
143573.7633223994,4107148.116299031,2.383878050590332,1.0,1.0,1.0,0.0,3.0,1.0,1.0,1.0,0.0,1.0,5.742950532895976,0.75,0
168955.0981154402,3090103.2324404423,1.5241244897352844,1.0,1.0,1.0,1.0,6.0,1.0,0.0,1.0,1.0,1.0,6.758203924617608,1.0,0
62268.72826405938,3049424.8119741445,4.0810008717947825,1.0,1.0,1.0,0.0,3.0,1.0,1.0,1.0,1.0,0.0,2.4907491305623752,0.75,0
145667.1814305232,4687775.04519774,2.681784027100619,1.0,1.0,1.0,1.0,4.0,1.0,1.0,1.0,1.0,1.0,5.826687257220928,1.0,0
100000.0,3954284.1545395753,3.295236795449646,0.0,0.0,0.0,1.0,3.0,0.0,1.0,1.0,0.0,0.0,4.0,0.25,1
78047.46229043251,2181769.130053626,2.3295324259815593,1.0,1.0,1.0,1.0,6.0,1.0,1.0,1.0,0.0,1.0,3.1218984916173005,1.0,0
129192.37803100767,423448.23628718377,0.27313804081741266,0.0,1.0,1.0,0.0,5.0,1.0,1.0,1.0,1.0,1.0,5.167695121240307,0.5,0
176737.65575151815,1438046.9688667809,0.6780515838347918,1.0,1.0,1.0,1.0,4.0,1.0,0.0,1.0,1.0,1.0,7.069506230060726,1.0,0
135801.4907289539,3193952.713970044,1.9599396496714776,1.0,1.0,1.0,0.0,4.0,1.0,1.0,1.0,0.0,1.0,5.432059629158156,0.75,0
38466.8102851116,4719349.16356115,10.223855163671995,1.0,1.0,1.0,1.0,6.0,1.0,1.0,1.0,1.0,1.0,1.5386724114044639,1.0,0
708.8550580912612,10334726.492475452,1214.9552971030776,1.0,1.0,0.0,1.0,2.0,1.0,0.0,1.0,0.0,0.0,0.02835420232365045,0.75,1
28188.819489021203,2644990.711569293,7.8192665257450935,1.0,1.0,0.0,1.0,6.0,1.0,1.0,1.0,1.0,1.0,1.1275527795608482,0.75,0
168053.69898595853,3503740.698579266,1.7374112757414997,1.0,1.0,1.0,1.0,3.0,1.0,1.0,1.0,1.0,1.0,6.722147959438341,1.0,0
56715.786578990526,214425.27200811097,0.31505818300617183,1.0,1.0,1.0,1.0,6.0,1.0,1.0,1.0,0.0,1.0,2.268631463159621,1.0,0
116536.44933459588,1513186.645311854,1.0820553383025246,1.0,1.0,1.0,1.0,5.0,1.0,1.0,1.0,1.0,1.0,4.661457973383835,1.0,0
151394.1994687866,3973497.9919469366,2.187169877208629,1.0,1.0,1.0,1.0,5.0,0.0,1.0,1.0,1.0,1.0,6.055767978751464,1.0,0
197773.3226301153,4376493.813874027,1.8440698319304107,1.0,1.0,1.0,1.0,3.0,1.0,0.0,1.0,1.0,1.0,7.910932905204612,1.0,0
33050.46235380673,3081783.636212686,7.770399707831744,1.0,1.0,1.0,0.0,4.0,1.0,1.0,1.0,1.0,1.0,1.3220184941522692,0.75,0
97559.22165222916,2489376.267369333,2.1263804565832936,1.0,1.0,1.0,0.0,6.0,1.0,1.0,1.0,1.0,1.0,3.902368866089166,0.75,0
109266.41151469626,3516325.9713572203,2.6817679854010437,1.0,1.0,1.0,1.0,3.0,1.0,1.0,1.0,1.0,1.0,4.37065646058785,1.0,0
189336.84723975684,1373534.398289881,0.6045373709669313,1.0,1.0,1.0,1.0,6.0,0.0,0.0,1.0,1.0,0.0,7.573473889590273,1.0,0
200000.0,615225.905144838,0.2563441271436825,1.0,1.0,0.0,1.0,3.0,0.0,0.0,0.0,0.0,0.0,8.0,0.75,1
57095.78922435092,4974844.954131859,7.260962997031495,1.0,1.0,1.0,1.0,5.0,1.0,1.0,1.0,1.0,1.0,2.283831568974037,1.0,0
166728.0280245611,1167673.5158494515,0.58362188693585,1.0,0.0,1.0,1.0,5.0,1.0,1.0,1.0,1.0,1.0,6.669121120982443,0.75,0
61380.09465055478,3184832.714769509,4.323921749253829,1.0,1.0,0.0,1.0,4.0,0.0,1.0,1.0,1.0,1.0,2.4552037860221914,0.75,0
60418.42953481179,686859.23771675,0.9473644093438364,0.0,0.0,1.0,0.0,1.0,0.0,0.0,1.0,1.0,1.0,2.4167371813924716,0.25,1
153952.90536523185,3644873.945539069,1.9729377288529202,1.0,1.0,1.0,1.0,6.0,0.0,1.0,1.0,1.0,1.0,6.158116214609274,1.0,0
127032.27316969613,1656175.2967794717,1.086453108499358,1.0,1.0,1.0,1.0,4.0,1.0,1.0,1.0,1.0,1.0,5.081290926787845,1.0,0
90602.3514166482,4897614.196274257,4.5046790726139285,1.0,1.0,1.0,1.0,4.0,1.0,1.0,1.0,1.0,1.0,3.6240940566659283,1.0,0
61344.783990535856,894112.8506557783,1.214600482297077,0.0,0.0,0.0,1.0,1.0,0.0,0.0,1.0,1.0,0.0,2.4537913596214342,0.25,1
161478.22052508418,3940579.7439784463,2.033597126991662,1.0,1.0,1.0,1.0,5.0,1.0,1.0,1.0,1.0,0.0,6.459128821003367,1.0,0
144576.6909061384,4868082.9985644305,2.805940436671584,1.0,1.0,1.0,1.0,4.0,1.0,1.0,1.0,1.0,1.0,5.783067636245535,1.0,0
86374.56770404927,1523472.07778996,1.4698308756518954,1.0,1.0,1.0,0.0,3.0,1.0,1.0,1.0,1.0,1.0,3.454982708161971,0.75,0
111778.2536387849,3345926.6573352334,2.4944675047942875,1.0,1.0,1.0,1.0,3.0,1.0,1.0,1.0,1.0,1.0,4.471130145551395,1.0,0
128766.3990011123,4729207.66803709,3.060586007376712,1.0,1.0,1.0,1.0,4.0,1.0,1.0,1.0,1.0,1.0,5.150655960044491,1.0,0
191291.53691864043,3892557.7529485365,1.6957353052355664,1.0,1.0,1.0,0.0,3.0,1.0,1.0,1.0,1.0,0.0,7.651661476745617,0.75,0
164171.7795754808,4784002.261881064,2.428351913999089,1.0,1.0,1.0,0.0,4.0,1.0,1.0,1.0,1.0,1.0,6.566871183019232,0.75,0
5248.335138013767,8257162.367598782,131.10764573372415,1.0,1.0,0.0,0.0,1.0,0.0,1.0,1.0,0.0,1.0,0.2099334055205507,0.5,1
500000.0,905213.0568994011,0.15086884281656684,0.0,0.0,1.0,0.0,2.0,0.0,1.0,0.0,1.0,1.0,20.0,0.25,1
702169.8874596782,3087719.8112150407,0.36644975648104244,0.0,0.0,1.0,0.0,1.0,0.0,1.0,1.0,0.0,0.0,28.08679549838713,0.25,1
101558.11135415258,3542905.48811903,2.9071249954654363,1.0,1.0,1.0,1.0,3.0,1.0,1.0,1.0,1.0,1.0,4.062324454166103,1.0,0
184131.07036378686,154053.19570037135,0.06972080422386492,0.0,1.0,1.0,1.0,3.0,1.0,0.0,1.0,1.0,1.0,7.365242814551475,0.75,0
114484.91980066411,1563755.310584988,1.138254215276946,1.0,1.0,1.0,0.0,4.0,0.0,1.0,1.0,1.0,1.0,4.579396792026564,0.75,0
63585.08658728069,458099.65393237345,0.6003761763952287,1.0,1.0,1.0,1.0,3.0,1.0,1.0,1.0,1.0,1.0,2.5434034634912277,1.0,0
136371.82197116158,3713790.961349134,2.2694026935995164,1.0,0.0,1.0,1.0,3.0,1.0,1.0,1.0,1.0,1.0,5.454872878846463,0.75,0
65242.05603094008,3338969.8458118695,4.264848536027657,1.0,1.0,1.0,1.0,6.0,0.0,1.0,1.0,1.0,1.0,2.6096822412376035,1.0,0
9779.579469545046,10885339.407223396,92.75568751125614,1.0,0.0,0.0,0.0,2.0,1.0,1.0,0.0,0.0,0.0,0.3911831787818018,0.25,1
684938.0640909537,1776378.157158421,0.21612394004266905,0.0,1.0,0.0,1.0,2.0,0.0,1.0,1.0,0.0,1.0,27.397522563638148,0.5,1
157221.44924503352,1007458.2825505929,0.5339911143318006,1.0,1.0,1.0,1.0,4.0,1.0,1.0,1.0,1.0,0.0,6.288857969801341,1.0,0
140821.85822364126,126036.03077489513,0.0745836100805787,1.0,1.0,1.0,1.0,4.0,1.0,1.0,1.0,1.0,1.0,5.63287432894565,1.0,0
38603.56146887234,4336361.686661083,9.360884336534752,1.0,1.0,1.0,0.0,5.0,0.0,1.0,1.0,1.0,1.0,1.5441424587548938,0.75,0
54573.91172092232,512572.448612978,0.782688456275208,1.0,0.0,1.0,0.0,2.0,1.0,1.0,1.0,1.0,1.0,2.1829564688368928,0.5,1
142581.23012977745,4454429.493300454,2.603445470607662,1.0,1.0,1.0,1.0,4.0,1.0,1.0,1.0,1.0,1.0,5.703249205191098,1.0,0
133512.73228748987,2275814.3710907944,1.420472746992609,1.0,1.0,1.0,1.0,6.0,1.0,1.0,1.0,1.0,1.0,5.340509291499595,1.0,0
155945.44581714022,2114003.268801174,1.12967030325038,1.0,1.0,1.0,0.0,5.0,1.0,1.0,1.0,1.0,1.0,6.237817832685609,0.75,0
94342.35330796528,3810820.0149587505,3.36612691378649,1.0,1.0,1.0,0.0,3.0,1.0,1.0,1.0,1.0,1.0,3.7736941323186115,0.75,0
46336.184157229916,927904.7627370681,1.6687907798443617,1.0,0.0,0.0,0.0,2.0,1.0,0.0,0.0,1.0,0.0,1.8534473662891966,0.25,1
44816.658022132164,4476142.0054575335,8.323062232884935,1.0,1.0,1.0,1.0,6.0,1.0,1.0,1.0,0.0,0.0,1.7926663208852867,1.0,0
151834.18501753325,2767963.4307212885,1.519181067163089,1.0,0.0,1.0,1.0,5.0,1.0,1.0,1.0,0.0,1.0,6.07336740070133,0.75,0
25966.37049663042,4471214.975807149,14.349377323730339,1.0,1.0,1.0,1.0,5.0,1.0,1.0,1.0,1.0,1.0,1.0386548198652168,1.0,0
26709.89829835714,4103927.895876367,12.804016979131134,1.0,1.0,1.0,0.0,6.0,0.0,1.0,1.0,1.0,1.0,1.0683959319342857,0.75,0
175521.4195081108,898873.150964796,0.4267632755230287,1.0,1.0,1.0,1.0,3.0,0.0,1.0,1.0,1.0,1.0,7.020856780324432,1.0,0
195588.80337568704,1461478.60283959,0.6226833104348605,1.0,1.0,1.0,1.0,3.0,1.0,1.0,1.0,0.0,0.0,7.823552135027482,1.0,0
62743.151669600506,4141241.8630003375,5.500257468745653,1.0,1.0,1.0,1.0,5.0,1.0,1.0,1.0,1.0,0.0,2.50972606678402,1.0,0
146756.02057230799,1141957.444218371,0.6484444043959561,1.0,1.0,1.0,1.0,4.0,1.0,1.0,1.0,1.0,1.0,5.8702408228923195,1.0,0
87058.8775871359,2552957.498658067,2.443707800029594,1.0,1.0,1.0,1.0,3.0,1.0,1.0,1.0,1.0,1.0,3.482355103485436,1.0,0
184412.25728642242,1472182.9147973983,0.6652589766628406,1.0,1.0,1.0,1.0,3.0,1.0,1.0,1.0,1.0,1.0,7.376490291456896,1.0,0
107811.7336710225,2960486.624519147,2.2883151055035724,1.0,1.0,1.0,1.0,6.0,1.0,1.0,1.0,1.0,0.0,4.3124693468409,1.0,0
500000.0,3298312.9861222846,0.5497188310203808,0.0,0.0,0.0,0.0,3.0,1.0,0.0,0.0,1.0,0.0,20.0,0.0,1
47941.43034571918,170309.2877107698,0.2960370714894916,0.0,0.0,1.0,0.0,3.0,0.0,0.0,0.0,1.0,0.0,1.917657213828767,0.25,1
166373.03983972027,3354674.9864459443,1.6802977762491629,1.0,1.0,1.0,1.0,4.0,1.0,1.0,1.0,1.0,1.0,6.654921593588811,1.0,0
200000.0,4508154.516173218,1.8783977150721742,1.0,1.0,1.0,1.0,2.0,1.0,0.0,0.0,0.0,0.0,8.0,1.0,1
187916.0217137211,3281679.39042672,1.4552951900619753,1.0,1.0,1.0,1.0,3.0,0.0,1.0,1.0,1.0,1.0,7.516640868548844,1.0,0
38729.86673489654,407000.6969312372,0.8757253149469265,1.0,1.0,0.0,1.0,3.0,1.0,1.0,1.0,1.0,1.0,1.5491946693958616,0.75,0
67936.09419423118,1157129.327964625,1.4193845722328893,1.0,1.0,1.0,1.0,5.0,1.0,1.0,1.0,1.0,1.0,2.717443767769247,1.0,0
181716.5649868351,1652132.2176308807,0.7576507117694405,0.0,1.0,1.0,1.0,5.0,1.0,1.0,1.0,1.0,1.0,7.268662599473403,0.75,0
122188.62141408547,1075061.4809012404,0.7331980319031784,1.0,1.0,1.0,1.0,3.0,1.0,1.0,1.0,1.0,1.0,4.8875448565634185,1.0,0
149030.32210502087,1283353.077164884,0.7176129545528057,1.0,1.0,1.0,1.0,3.0,1.0,1.0,1.0,1.0,1.0,5.961212884200835,1.0,0
72395.64397086299,2489098.848999583,2.865157248504906,0.0,1.0,1.0,1.0,3.0,1.0,1.0,1.0,1.0,1.0,2.8958257588345195,0.75,0
195276.847081678,2982191.1080471133,1.2726338497602157,1.0,1.0,1.0,1.0,3.0,1.0,1.0,1.0,1.0,1.0,7.811073883267119,1.0,0
200000.0,2703268.5860468065,1.126361910852836,0.0,1.0,0.0,0.0,2.0,1.0,1.0,1.0,0.0,1.0,8.0,0.25,1
158039.87548069513,3472543.7553231614,1.8310483059845126,1.0,1.0,1.0,0.0,6.0,1.0,0.0,1.0,1.0,1.0,6.321595019227805,0.75,0
31221.565465384407,522484.0764930626,1.3945597877220068,0.0,0.0,1.0,0.0,3.0,1.0,1.0,1.0,1.0,1.0,1.2488626186153762,0.25,1
70173.35072269732,2979170.768436069,3.53787054695545,1.0,1.0,0.0,0.0,4.0,1.0,1.0,1.0,0.0,1.0,2.8069340289078926,0.5,0
676647.8791495947,6284755.908731153,0.7740062079543476,0.0,0.0,1.0,1.0,1.0,0.0,0.0,1.0,1.0,0.0,27.06591516598379,0.5,1
34008.78146874814,4445932.01102542,10.894078477718429,1.0,1.0,0.0,1.0,5.0,1.0,1.0,1.0,1.0,1.0,1.3603512587499256,0.75,0
64913.960091063185,1752312.220272185,2.2495318133598055,1.0,1.0,1.0,1.0,6.0,1.0,1.0,0.0,1.0,1.0,2.5965584036425273,1.0,0
58922.38779263482,572401.2544796355,0.8095412682160862,1.0,0.0,1.0,0.0,3.0,1.0,1.0,0.0,0.0,1.0,2.356895511705393,0.5,1
28932.128956020544,4823984.24080153,13.894542200628763,0.0,1.0,1.0,1.0,4.0,1.0,1.0,1.0,1.0,1.0,1.1572851582408217,0.75,0
138998.56796157622,3930936.9303901843,2.3567010965398487,1.0,1.0,1.0,1.0,5.0,0.0,1.0,1.0,0.0,1.0,5.5599427184630485,1.0,0
185098.03268691752,3728333.046572244,1.6785398312320716,1.0,1.0,1.0,1.0,6.0,1.0,0.0,1.0,1.0,1.0,7.4039213074767005,1.0,0
191166.10914008738,3043190.226086944,1.326590715519594,1.0,1.0,1.0,1.0,6.0,1.0,1.0,1.0,1.0,1.0,7.646644365603495,1.0,0
30036.96835483432,2209094.310572852,6.1288206710151885,1.0,1.0,0.0,1.0,6.0,1.0,1.0,1.0,0.0,1.0,1.2014787341933728,0.75,0
89492.1101516582,919874.3896051958,0.8565693557103587,0.0,1.0,1.0,1.0,3.0,1.0,1.0,1.0,1.0,1.0,3.579684406066328,0.75,0
184663.58548292093,1556724.8725059347,0.7025048948853321,1.0,1.0,0.0,0.0,5.0,1.0,1.0,1.0,1.0,1.0,7.386543419316837,0.5,0
89931.78352230547,1797968.4229683194,1.6660483762880631,1.0,1.0,0.0,1.0,4.0,1.0,0.0,1.0,1.0,1.0,3.597271340892219,0.75,0
47552.22680785291,1484145.8454874307,2.6009049157054664,1.0,1.0,1.0,1.0,4.0,1.0,1.0,1.0,1.0,1.0,1.9020890723141164,1.0,0
142705.3706893971,2963799.6578113874,1.7307218615841926,1.0,0.0,1.0,1.0,4.0,1.0,1.0,1.0,1.0,1.0,5.708214827575884,0.75,0
106479.65317318053,3666902.6041714493,2.8697991391584843,1.0,1.0,1.0,1.0,4.0,1.0,1.0,1.0,1.0,1.0,4.259186126927221,1.0,0
37149.17248056634,1178545.4969332903,2.6437230814715473,1.0,1.0,1.0,1.0,4.0,1.0,1.0,1.0,1.0,1.0,1.4859668992226536,1.0,0
95337.90988161738,4461691.573240472,3.899892829253885,1.0,1.0,1.0,1.0,3.0,1.0,1.0,1.0,1.0,1.0,3.813516395264695,1.0,0
58650.578291517384,629326.1952403877,0.8941744673462253,1.0,0.0,1.0,0.0,5.0,1.0,1.0,1.0,1.0,1.0,2.3460231316606954,0.5,0
197270.38162312162,121380.02128651453,0.051274812217885705,1.0,1.0,1.0,1.0,6.0,1.0,1.0,1.0,1.0,1.0,7.890815264924865,1.0,0
138965.7709822611,207375.3109975439,0.12435634900818802,1.0,1.0,1.0,1.0,6.0,0.0,0.0,1.0,1.0,1.0,5.558630839290444,1.0,0
51672.80233282305,3817705.0737032113,6.1568576719745804,0.0,1.0,1.0,1.0,3.0,1.0,1.0,1.0,1.0,1.0,2.066912093312922,0.75,0
95755.78441825112,4037334.5313667567,3.513568880716479,1.0,1.0,1.0,1.0,3.0,1.0,0.0,1.0,1.0,1.0,3.830231376730045,1.0,0
119410.97616568401,1891835.6664807193,1.3202552836347423,1.0,1.0,1.0,1.0,4.0,1.0,1.0,1.0,1.0,1.0,4.7764390466273605,1.0,0
181467.36064384851,2994125.386573725,1.3749604777182933,1.0,1.0,1.0,1.0,5.0,1.0,1.0,1.0,1.0,1.0,7.258694425753941,1.0,0
188514.2275845776,4284413.638081568,1.8939391175657863,1.0,1.0,1.0,1.0,3.0,1.0,1.0,1.0,1.0,1.0,7.540569103383104,1.0,0
98749.29635368714,100659.99572197806,0.08494574935285903,1.0,1.0,1.0,1.0,5.0,1.0,1.0,1.0,1.0,1.0,3.9499718541474858,1.0,0
146616.4405579308,3524849.2595881894,2.003441341102227,1.0,1.0,0.0,1.0,4.0,1.0,1.0,1.0,1.0,1.0,5.864657622317232,0.75,0
110512.5583208165,2660299.887319383,2.006031356482105,1.0,1.0,1.0,1.0,6.0,1.0,0.0,1.0,1.0,1.0,4.42050233283266,1.0,0
178433.98643330616,293351.7111654066,0.13700291306100368,1.0,1.0,1.0,1.0,6.0,1.0,1.0,1.0,1.0,0.0,7.137359457332246,1.0,0
145819.09501013893,1791593.3997282912,1.0238676215003026,1.0,1.0,1.0,1.0,3.0,1.0,1.0,1.0,1.0,1.0,5.832763800405557,1.0,0
49828.92806557886,957894.4274555676,1.6019717605853736,0.0,1.0,0.0,0.0,1.0,1.0,0.0,1.0,0.0,1.0,1.9931571226231544,0.25,1
168957.5057398937,3984514.7565067825,1.9652450178019187,1.0,1.0,1.0,1.0,6.0,1.0,1.0,1.0,1.0,1.0,6.758300229595748,1.0,0
32275.250333818618,406378.8491399441,1.0492530265369022,1.0,1.0,1.0,1.0,4.0,1.0,1.0,1.0,1.0,1.0,1.2910100133527447,1.0,0
63711.65231843039,3888395.1822014903,5.085928869504277,1.0,0.0,1.0,1.0,3.0,0.0,1.0,1.0,1.0,1.0,2.5484660927372156,0.75,0
57921.202951658226,2846159.0918041556,4.094872209663296,1.0,0.0,1.0,1.0,3.0,1.0,1.0,1.0,1.0,1.0,2.316848118066329,0.75,0
68243.06595177563,1500215.7905042595,1.831951434162796,1.0,0.0,1.0,1.0,4.0,1.0,1.0,1.0,1.0,1.0,2.729722638071025,0.75,0
138743.6878861089,2205318.382420782,1.3245758035439845,1.0,1.0,1.0,1.0,5.0,1.0,1.0,1.0,1.0,0.0,5.5497475154443565,1.0,0
693940.9096609444,4474302.528149815,0.5373058985593762,1.0,0.0,1.0,0.0,3.0,0.0,0.0,1.0,0.0,0.0,27.757636386437774,0.5,1
189540.29224936757,3289769.9890396753,1.4463811141852576,1.0,0.0,1.0,1.0,6.0,1.0,0.0,1.0,1.0,1.0,7.581611689974703,0.75,0
167770.7968733581,1311967.5475135082,0.6516666249251192,1.0,1.0,0.0,1.0,4.0,1.0,1.0,1.0,1.0,1.0,6.710831874934324,0.75,0
74135.16342714976,1422121.5286282504,1.598568370354287,1.0,1.0,1.0,1.0,5.0,0.0,0.0,1.0,1.0,1.0,2.9654065370859906,1.0,0
174131.76255574453,4557171.415239302,2.1809018586238786,1.0,1.0,1.0,1.0,4.0,1.0,1.0,1.0,1.0,1.0,6.965270502229781,1.0,0
500000.0,1187255.8289369103,0.19787597148948505,0.0,1.0,0.0,0.0,2.0,0.0,0.0,1.0,0.0,1.0,20.0,0.25,1
501009.7101345027,3301526.8144397675,0.5491455134927141,0.0,1.0,0.0,1.0,2.0,0.0,1.0,1.0,0.0,1.0,20.040388405380106,0.5,1
25885.77717308827,1701964.9200565876,5.479086413220281,1.0,1.0,1.0,1.0,4.0,1.0,1.0,1.0,1.0,1.0,1.0354310869235308,1.0,0
160357.7969951551,2099943.2852468207,1.0912801064226114,1.0,0.0,1.0,0.0,4.0,1.0,1.0,1.0,1.0,1.0,6.414311879806204,0.5,0
86848.74137797568,1101150.2786549544,1.0565786189334072,1.0,1.0,1.0,1.0,4.0,1.0,1.0,1.0,1.0,1.0,3.473949655119027,1.0,0
32914.77555934416,637707.3735197672,1.6145418045106712,1.0,1.0,0.0,1.0,6.0,1.0,1.0,1.0,1.0,1.0,1.3165910223737665,0.75,0
181661.19659525988,391671.0317040813,0.1796710208549757,1.0,1.0,1.0,1.0,3.0,1.0,1.0,1.0,1.0,0.0,7.266447863810395,1.0,0
35785.664978448476,736210.8115081488,1.7143987961648974,1.0,1.0,0.0,0.0,3.0,0.0,1.0,0.0,0.0,0.0,1.4314265991379391,0.5,1
200000.0,1946574.1915276055,0.8110725798031689,1.0,0.0,0.0,0.0,1.0,0.0,1.0,0.0,0.0,0.0,8.0,0.25,1
642934.2444424123,3146483.611419834,0.4078285919358981,1.0,0.0,0.0,0.0,3.0,0.0,1.0,1.0,0.0,1.0,25.71736977769649,0.25,1
120482.93813028862,2350275.4002250945,1.6255935188125548,1.0,1.0,1.0,1.0,4.0,1.0,1.0,1.0,1.0,1.0,4.819317525211544,1.0,0
53457.964385355976,4598575.105775838,7.168521969627457,1.0,1.0,0.0,1.0,5.0,1.0,1.0,1.0,1.0,1.0,2.138318575414239,0.75,0
168144.22922083587,2942435.2898803274,1.4582893624099225,1.0,1.0,1.0,1.0,3.0,1.0,1.0,1.0,1.0,1.0,6.725769168833435,1.0,0
192239.01219020685,1220516.220057683,0.5290793156186863,1.0,1.0,1.0,1.0,3.0,1.0,1.0,1.0,0.0,1.0,7.689560487608274,1.0,0
103814.9138451824,3388671.6195604745,2.720122679590742,1.0,1.0,1.0,1.0,3.0,1.0,1.0,1.0,1.0,1.0,4.152596553807296,1.0,0
39416.68298277247,3735292.002097704,7.89701999136224,1.0,1.0,1.0,1.0,4.0,1.0,0.0,1.0,1.0,1.0,1.5766673193108989,1.0,0
171477.3324636426,1277954.6731781838,0.6210513146828223,1.0,1.0,1.0,1.0,5.0,1.0,1.0,0.0,1.0,1.0,6.859093298545704,1.0,0
139667.3466118288,1676182.9493317883,1.0001042894623564,1.0,1.0,0.0,1.0,6.0,1.0,1.0,1.0,1.0,1.0,5.586693864473152,0.75,0
151759.2929975297,4843522.479048719,2.6596517767161054,1.0,1.0,1.0,0.0,5.0,1.0,0.0,1.0,1.0,1.0,6.070371719901188,0.75,0
181197.8247357461,3160851.4873858923,1.4536835141350761,1.0,1.0,1.0,1.0,5.0,1.0,1.0,1.0,1.0,1.0,7.247912989429844,1.0,0
132913.80504112918,4671331.826591393,2.9287977429845635,1.0,1.0,1.0,0.0,4.0,1.0,1.0,1.0,0.0,1.0,5.316552201645167,0.75,0
76921.09260493849,966757.7014867183,1.047347860804925,0.0,0.0,0.0,0.0,2.0,0.0,1.0,0.0,0.0,0.0,3.0768437041975396,0.0,1
194735.01961755555,573018.90395766,0.24521308711491843,1.0,1.0,1.0,1.0,4.0,1.0,1.0,1.0,0.0,1.0,7.789400784702222,1.0,0
176561.18066257145,4817770.749662727,2.2738910914540327,0.0,1.0,1.0,1.0,4.0,1.0,1.0,1.0,1.0,1.0,7.062447226502858,0.75,0
134077.17219482263,4518633.761463575,2.8084781867874034,1.0,1.0,1.0,1.0,4.0,1.0,1.0,0.0,1.0,1.0,5.363086887792905,1.0,0
101322.14259868042,599272.7015234663,0.49287737618640315,1.0,1.0,0.0,1.0,6.0,1.0,1.0,1.0,1.0,1.0,4.052885703947217,0.75,0
185210.45207790734,4250598.052221108,1.9125081785490192,1.0,1.0,0.0,1.0,6.0,1.0,1.0,1.0,1.0,1.0,7.408418083116294,0.75,0
45678.844833789844,233120.36400524311,0.42528871014852127,1.0,1.0,1.0,1.0,3.0,1.0,1.0,1.0,1.0,1.0,1.8271537933515938,1.0,0
170060.20797636855,2471977.641579988,1.2113247375715175,1.0,1.0,1.0,0.0,6.0,1.0,1.0,1.0,1.0,1.0,6.8024083190547415,0.75,0
131094.26410642103,290998.67123953905,0.18498055147764333,1.0,1.0,1.0,1.0,4.0,0.0,1.0,1.0,1.0,1.0,5.243770564256842,1.0,0
79421.9063002409,3330834.2188083353,3.4948735325581834,1.0,1.0,0.0,1.0,6.0,1.0,1.0,1.0,1.0,1.0,3.176876252009636,0.75,0
95521.53128390326,1019839.7878920351,0.8897119617817978,1.0,1.0,1.0,1.0,6.0,1.0,1.0,1.0,1.0,1.0,3.8208612513561304,1.0,0
68352.92316270256,3305455.547222965,4.029888060230782,1.0,1.0,0.0,1.0,4.0,1.0,0.0,1.0,1.0,1.0,2.7341169265081025,0.75,0
35164.6321294349,3240048.9419820104,7.678285315332256,1.0,1.0,1.0,1.0,4.0,1.0,1.0,1.0,1.0,1.0,1.4065852851773961,1.0,0
182425.55032304948,1581432.9218223193,0.7224101919120013,1.0,1.0,1.0,0.0,4.0,1.0,1.0,1.0,1.0,0.0,7.297022012921979,0.75,0
179736.13108597137,674299.1378331438,0.3126338287127761,1.0,1.0,1.0,1.0,5.0,1.0,1.0,1.0,1.0,1.0,7.189445243438855,1.0,0
121608.25664909654,1649723.7336736033,1.1304904913062495,0.0,1.0,1.0,1.0,4.0,1.0,1.0,1.0,1.0,0.0,4.864330265963861,0.75,0
96528.47994216687,2434541.233084579,2.1017469270409332,1.0,1.0,1.0,0.0,4.0,0.0,1.0,1.0,1.0,1.0,3.8611391976866747,0.75,0
122720.74370376588,951431.8063651446,0.6460683130730492,1.0,1.0,0.0,0.0,3.0,1.0,1.0,1.0,1.0,1.0,4.9088297481506356,0.5,0
104739.93173749976,1375405.6020734147,1.0943021596898925,1.0,1.0,1.0,1.0,5.0,1.0,1.0,1.0,1.0,1.0,4.18959726949999,1.0,0
168120.9878306288,641116.1307144031,0.3177850958145922,1.0,1.0,1.0,1.0,4.0,1.0,1.0,1.0,1.0,1.0,6.7248395132251515,1.0,0
119962.81107382591,2532659.6465409687,1.7593366532166048,1.0,0.0,1.0,1.0,6.0,1.0,1.0,1.0,1.0,0.0,4.798512442953037,0.75,0
177930.76357344017,2220372.7664965526,1.0399048492721268,1.0,1.0,1.0,1.0,5.0,0.0,1.0,1.0,1.0,1.0,7.117230542937607,1.0,0
57053.546039930814,610236.9569617161,0.8913219821817641,0.0,1.0,1.0,0.0,3.0,0.0,1.0,1.0,0.0,0.0,2.2821418415972325,0.5,1
56444.544052292345,1329375.9238864023,1.9626578414363938,1.0,0.0,1.0,0.0,6.0,1.0,0.0,1.0,0.0,1.0,2.257781762091694,0.5,0
164549.55378121242,3958990.5207080184,2.0049636668375856,1.0,1.0,1.0,1.0,6.0,1.0,1.0,1.0,0.0,1.0,6.581982151248497,1.0,0
198243.04066824043,3068318.322318183,1.2897965682155652,1.0,1.0,0.0,1.0,5.0,1.0,1.0,1.0,0.0,0.0,7.929721626729617,0.75,0
5623.363273917781,16940557.322953433,251.04426683474477,1.0,0.0,1.0,0.0,3.0,0.0,1.0,0.0,0.0,0.0,0.22493453095671123,0.5,1
107.38981797982494,17399557.216565084,13501.86757605665,1.0,0.0,0.0,0.0,1.0,0.0,0.0,0.0,1.0,0.0,0.004295592719192998,0.25,1
41918.37868817593,787590.1391482234,1.5657216154258964,1.0,0.0,1.0,1.0,4.0,1.0,1.0,1.0,1.0,1.0,1.6767351475270371,0.75,0
181483.4030662207,4038691.271447889,1.854481458181527,1.0,1.0,0.0,1.0,5.0,1.0,1.0,1.0,1.0,1.0,7.259336122648827,0.75,0
56751.71084673471,3119872.381036048,4.581172289034105,1.0,1.0,1.0,1.0,4.0,0.0,1.0,1.0,1.0,1.0,2.2700684338693886,1.0,0
108060.40325621743,2228576.263132388,1.7186192444056076,1.0,1.0,1.0,1.0,6.0,1.0,1.0,1.0,1.0,1.0,4.322416130248697,1.0,0
31328.06659183337,1153071.9214783397,3.067196199554501,1.0,1.0,1.0,0.0,4.0,1.0,1.0,1.0,0.0,1.0,1.2531226636733348,0.75,0
132051.13059101164,4908355.743436509,3.0975096044669326,1.0,1.0,1.0,1.0,3.0,1.0,1.0,1.0,1.0,1.0,5.282045223640465,1.0,0
90497.38925732105,3580189.7132542264,3.2967707159248207,1.0,1.0,1.0,0.0,4.0,1.0,1.0,1.0,1.0,1.0,3.619895570292842,0.75,0
164526.68901142187,2713594.480950277,1.3744449290949041,1.0,1.0,1.0,1.0,4.0,1.0,1.0,1.0,1.0,0.0,6.581067560456875,1.0,0
54230.94056611316,1064935.951821799,1.6364212334401171,1.0,1.0,1.0,1.0,6.0,1.0,1.0,1.0,1.0,0.0,2.1692376226445265,1.0,0
191401.12339382182,1693946.1567128524,0.7375201212148557,1.0,1.0,1.0,1.0,3.0,0.0,1.0,1.0,1.0,1.0,7.656044935752873,1.0,0
66062.36432470437,3774891.212415147,4.761777313253464,1.0,1.0,1.0,1.0,6.0,0.0,1.0,1.0,1.0,1.0,2.642494572988175,1.0,0
92678.68560259405,2590966.6798897716,2.3297038427654497,1.0,1.0,1.0,1.0,4.0,0.0,1.0,1.0,1.0,1.0,3.707147424103762,1.0,0
177562.1241536353,3458675.0277873175,1.6232229725574363,1.0,1.0,1.0,1.0,3.0,1.0,1.0,1.0,1.0,1.0,7.102484966145411,1.0,0
36090.61983273436,3417891.134701546,7.891919355920618,1.0,1.0,1.0,0.0,4.0,1.0,1.0,1.0,1.0,1.0,1.4436247933093744,0.75,0
152681.0812091612,3219681.442619316,1.7573021147091796,1.0,1.0,1.0,0.0,6.0,1.0,1.0,1.0,1.0,1.0,6.107243248366448,0.75,0
500000.0,1543629.5291707958,0.25727158819513263,1.0,0.0,0.0,0.0,1.0,0.0,0.0,1.0,0.0,1.0,20.0,0.25,1
49476.38041862767,248714.10118936084,0.41891049676119957,0.0,1.0,1.0,0.0,1.0,0.0,0.0,1.0,1.0,1.0,1.9790552167451068,0.5,1
107015.61234897209,1804912.9167526164,1.4054903432118653,1.0,1.0,1.0,0.0,6.0,1.0,1.0,1.0,0.0,1.0,4.280624493958884,0.75,0
505575.0816361957,4508813.37637602,0.7431822921638925,0.0,0.0,0.0,0.0,3.0,0.0,1.0,0.0,0.0,1.0,20.22300326544783,0.0,1
129632.4962919399,4881781.399059264,3.1382186428941456,1.0,1.0,1.0,1.0,5.0,1.0,1.0,1.0,0.0,1.0,5.185299851677596,1.0,0
108856.82858520292,2565349.115502546,1.963855604990543,1.0,1.0,1.0,1.0,4.0,1.0,1.0,1.0,1.0,1.0,4.3542731434081166,1.0,0
82312.03663113507,1838379.3299963227,1.861189247281306,1.0,0.0,1.0,1.0,5.0,0.0,1.0,1.0,1.0,1.0,3.2924814652454026,0.75,0
94624.72983300479,3966027.283611887,3.492768478362892,1.0,1.0,1.0,1.0,5.0,1.0,1.0,1.0,1.0,1.0,3.784989193320192,1.0,0
124454.00558370753,115769.49166096553,0.07751825739288827,1.0,1.0,1.0,1.0,4.0,1.0,1.0,1.0,1.0,0.0,4.9781602233483015,1.0,0
166421.06642377298,202630.30905147278,0.10146467301576319,1.0,1.0,1.0,1.0,4.0,1.0,1.0,1.0,1.0,1.0,6.65684265695092,1.0,0
43654.69429841006,171997.60440927383,0.3283297233235887,1.0,1.0,1.0,1.0,4.0,1.0,0.0,1.0,1.0,1.0,1.7461877719364025,1.0,0
197196.08839296995,3795816.4724421958,1.6040786708701251,1.0,1.0,1.0,1.0,4.0,1.0,1.0,1.0,0.0,1.0,7.887843535718798,1.0,0
103051.01026764225,3887315.261192964,3.1435202584759545,1.0,1.0,1.0,1.0,6.0,1.0,1.0,1.0,1.0,1.0,4.12204041070569,1.0,0
137905.23832165374,3690727.5693546277,2.230231675914949,1.0,1.0,1.0,1.0,5.0,1.0,1.0,1.0,0.0,1.0,5.516209532866149,1.0,0
119976.77758582933,4397743.846989126,3.054579905295322,1.0,1.0,1.0,0.0,6.0,1.0,1.0,1.0,1.0,1.0,4.799071103433174,0.75,0
51582.971364651516,1060878.7924181256,1.7138711418905686,1.0,1.0,1.0,1.0,5.0,1.0,1.0,1.0,1.0,1.0,2.063318854586061,1.0,0
182504.04659465194,4488806.410332016,2.0496378455203135,1.0,1.0,1.0,1.0,6.0,1.0,1.0,1.0,1.0,1.0,7.3001618637860775,1.0,0
100590.37826237026,4920026.733790726,4.075958703987409,1.0,1.0,1.0,1.0,3.0,1.0,1.0,1.0,1.0,1.0,4.02361513049481,1.0,0
111523.55332295176,2147028.7984479885,1.6043164085636294,1.0,1.0,1.0,0.0,3.0,1.0,1.0,1.0,1.0,1.0,4.4609421329180705,0.75,0
152254.58720910392,2077644.911571797,1.137155071239547,0.0,1.0,1.0,1.0,5.0,1.0,0.0,1.0,1.0,1.0,6.090183488364157,0.75,0
31289.897914429865,494947.4174099108,1.3181768195693426,1.0,1.0,1.0,1.0,3.0,1.0,1.0,1.0,1.0,1.0,1.2515959165771946,1.0,0
111934.20030035464,4424543.396184501,3.2940061991122613,1.0,1.0,1.0,1.0,6.0,1.0,1.0,1.0,1.0,1.0,4.477368012014185,1.0,0
86410.12719661377,4421446.015692756,4.264012177677964,1.0,1.0,0.0,1.0,6.0,1.0,1.0,1.0,1.0,1.0,3.456405087864551,0.75,0
158854.57076987246,3091679.09957558,1.6218603198888524,1.0,1.0,1.0,1.0,5.0,1.0,1.0,1.0,0.0,1.0,6.354182830794898,1.0,0
39285.24685535318,434930.68151879724,0.9225912107247195,1.0,1.0,1.0,1.0,6.0,1.0,1.0,1.0,0.0,1.0,1.5714098742141271,1.0,0
74891.65452142325,3672950.0889922953,4.086959702501102,1.0,1.0,1.0,1.0,4.0,1.0,1.0,1.0,1.0,1.0,2.99566618085693,1.0,0
54841.72164527602,3157089.5978290285,4.7972746282619285,0.0,1.0,1.0,1.0,3.0,1.0,1.0,1.0,0.0,1.0,2.193668865811041,0.75,0
72959.66362026105,1560455.8223332714,1.7823270933821502,1.0,1.0,1.0,1.0,6.0,1.0,1.0,1.0,1.0,1.0,2.918386544810442,1.0,0
36636.846789186064,3805446.7083558664,8.655782001502885,1.0,1.0,1.0,1.0,5.0,1.0,1.0,1.0,1.0,1.0,1.4654738715674425,1.0,0
88170.43196450469,4821146.280349183,4.556654437066141,1.0,1.0,1.0,1.0,6.0,1.0,1.0,1.0,1.0,1.0,3.5268172785801877,1.0,0
149631.36373581877,2298192.0916772587,1.279918881030197,1.0,1.0,1.0,0.0,6.0,1.0,1.0,1.0,1.0,1.0,5.985254549432751,0.75,0
186147.32945804016,2601119.196120738,1.1644536273560766,1.0,1.0,1.0,1.0,5.0,0.0,1.0,1.0,1.0,1.0,7.445893178321606,1.0,0
122011.95918949512,3681022.728405576,2.5141133383276455,1.0,0.0,1.0,1.0,6.0,1.0,1.0,1.0,1.0,1.0,4.880478367579805,0.75,0
148213.95941736412,3892010.3130777664,2.188283708440508,1.0,1.0,1.0,0.0,5.0,1.0,1.0,1.0,1.0,1.0,5.928558376694565,0.75,0
64168.082593959036,3366342.347328434,4.371776708977836,1.0,1.0,1.0,0.0,3.0,1.0,1.0,1.0,1.0,1.0,2.566723303758361,0.75,0
118203.15069652753,1768960.4162483292,1.247118770963731,1.0,1.0,1.0,0.0,5.0,1.0,1.0,1.0,0.0,0.0,4.7281260278611015,0.75,0
131241.45631553663,1734779.1396006418,1.1015187758392742,1.0,1.0,1.0,1.0,3.0,1.0,1.0,1.0,1.0,1.0,5.249658252621465,1.0,0
148930.11551292427,4195547.046761529,2.3476039037458456,1.0,1.0,1.0,0.0,4.0,0.0,1.0,1.0,1.0,1.0,5.957204620516971,0.75,0
107857.55988659899,2849991.6625843723,2.2019717993348835,1.0,1.0,1.0,0.0,5.0,1.0,1.0,1.0,1.0,1.0,4.31430239546396,0.75,0
69176.46526020364,350563.3690662936,0.4223056783686811,1.0,1.0,1.0,0.0,3.0,1.0,1.0,1.0,1.0,1.0,2.7670586104081454,0.75,0
112968.82906505076,1067605.4003136929,0.7875368579909585,1.0,1.0,1.0,1.0,3.0,1.0,1.0,0.0,0.0,1.0,4.51875316260203,1.0,0
167594.39490563964,353995.4156866722,0.17601792703448385,1.0,0.0,1.0,1.0,3.0,1.0,0.0,1.0,1.0,1.0,6.703775796225585,0.75,0
92929.73708614134,405138.21882123954,0.36330155764680594,1.0,1.0,1.0,1.0,3.0,1.0,1.0,1.0,0.0,1.0,3.7171894834456536,1.0,0
36122.711300054136,3222287.236360574,7.433659509467074,1.0,0.0,1.0,1.0,5.0,1.0,1.0,1.0,1.0,1.0,1.4449084520021653,0.75,0
120674.29888507393,3825420.1332984613,2.641697644432184,1.0,1.0,1.0,1.0,4.0,1.0,1.0,1.0,1.0,1.0,4.826971955402957,1.0,0
64129.27174090421,3413270.0541696264,4.435403107803819,1.0,1.0,1.0,1.0,4.0,1.0,1.0,1.0,1.0,1.0,2.565170869636168,1.0,0
67359.67251451258,1335980.9988494718,1.6527952964755925,1.0,1.0,1.0,1.0,3.0,1.0,1.0,1.0,1.0,1.0,2.6943869005805032,1.0,0
47310.515908096924,4556327.593592485,8.02557230342366,1.0,1.0,1.0,1.0,3.0,1.0,1.0,0.0,1.0,1.0,1.892420636323877,1.0,0
57466.965248046195,307869.2612137693,0.4464438248492055,1.0,1.0,0.0,1.0,4.0,1.0,1.0,1.0,1.0,1.0,2.298678609921848,0.75,0
157696.05928757894,726547.325989846,0.383938639764873,1.0,1.0,1.0,1.0,4.0,1.0,0.0,1.0,1.0,1.0,6.307842371503158,1.0,0
31417.49971337002,4581288.452857939,12.151636547185005,1.0,1.0,0.0,1.0,3.0,1.0,1.0,1.0,1.0,1.0,1.2566999885348007,0.75,0
28871.62151757452,100057.0103012941,0.2887986110062786,1.0,1.0,1.0,1.0,4.0,1.0,0.0,1.0,1.0,0.0,1.1548648607029808,1.0,0
157328.58255666806,3140321.546754656,1.6633561300617166,1.0,1.0,1.0,0.0,5.0,1.0,1.0,1.0,1.0,1.0,6.2931433022667225,0.75,0
147178.2999534554,4886321.60970223,2.7666678280966646,1.0,1.0,1.0,0.0,4.0,1.0,1.0,1.0,1.0,1.0,5.887131998138216,0.75,0
7458.010487660107,6474671.903558562,72.34583443613458,0.0,0.0,1.0,0.0,1.0,0.0,0.0,0.0,0.0,1.0,0.2983204195064043,0.25,1
49066.165225548815,2868607.765009179,4.87200591253103,1.0,1.0,1.0,1.0,5.0,1.0,1.0,1.0,0.0,1.0,1.9626466090219525,1.0,0
29270.136772394155,820117.2769822273,2.3349090216634294,1.0,1.0,1.0,1.0,4.0,1.0,1.0,1.0,1.0,1.0,1.1708054708957663,1.0,0
3586.1105228117076,14057011.520182835,326.6540780688062,1.0,0.0,0.0,0.0,2.0,1.0,0.0,0.0,0.0,0.0,0.1434444209124683,0.25,1
130090.45057588934,1123525.3476253022,0.7197078024377382,1.0,1.0,1.0,1.0,5.0,1.0,0.0,1.0,1.0,1.0,5.203618023035573,1.0,0
117120.4656638198,3690225.347892374,2.6256621953137276,1.0,1.0,1.0,1.0,5.0,1.0,0.0,1.0,1.0,1.0,4.684818626552793,1.0,0
152863.83929186806,3886766.9091226533,2.1188610983952842,1.0,1.0,1.0,1.0,5.0,1.0,1.0,1.0,1.0,1.0,6.114553571674723,1.0,0
34865.711913912244,1556465.2577722243,3.720143115618695,1.0,1.0,1.0,0.0,4.0,1.0,1.0,1.0,1.0,1.0,1.3946284765564898,0.75,0
136141.38890183766,431574.9733100078,0.2641708109434592,1.0,1.0,1.0,0.0,5.0,1.0,1.0,1.0,1.0,1.0,5.445655556073507,0.75,0
47902.890625711225,175434.96928741154,0.3051920371190314,1.0,1.0,0.0,0.0,6.0,1.0,1.0,1.0,0.0,1.0,1.916115625028449,0.5,0
60571.54036139444,549605.9403414312,0.7561388525896521,1.0,0.0,0.0,1.0,1.0,0.0,0.0,1.0,0.0,0.0,2.4228616144557775,0.5,1
178072.7927197349,2002011.9600222781,0.9368883783635247,1.0,1.0,1.0,1.0,4.0,1.0,1.0,0.0,1.0,1.0,7.122911708789395,1.0,0
33587.39821128568,148109.96258487852,0.36747403905569603,1.0,1.0,0.0,0.0,1.0,0.0,1.0,1.0,0.0,1.0,1.3434959284514274,0.5,1
41432.62526314822,4611756.381470451,9.27561382722777,0.0,1.0,1.0,1.0,4.0,1.0,1.0,1.0,1.0,0.0,1.6573050105259288,0.75,0
73753.30933059276,2903038.352509574,3.280122138313096,1.0,1.0,1.0,1.0,6.0,1.0,1.0,1.0,1.0,1.0,2.9501323732237106,1.0,0
147931.3698452182,1251369.6844801686,0.7049269343555996,1.0,1.0,1.0,1.0,6.0,0.0,1.0,1.0,0.0,1.0,5.917254793808728,1.0,0
89777.77254470278,3567636.580230487,3.3115440484392207,1.0,1.0,1.0,1.0,4.0,1.0,1.0,1.0,1.0,1.0,3.591110901788111,1.0,0
59919.9289126004,2216892.7452130793,3.08313219747898,1.0,1.0,1.0,0.0,4.0,1.0,1.0,1.0,1.0,1.0,2.396797156504016,0.75,0
44332.96979799407,1285277.141153157,2.4159542867862642,1.0,0.0,1.0,0.0,4.0,1.0,1.0,1.0,0.0,1.0,1.7733187919197628,0.5,0
141828.84247362733,1009668.8540160907,0.593243727443189,1.0,1.0,1.0,1.0,6.0,1.0,1.0,1.0,1.0,0.0,5.673153698945093,1.0,0
29436.380097705063,4541543.521387613,12.856946365668797,1.0,1.0,1.0,0.0,4.0,1.0,1.0,1.0,1.0,1.0,1.1774552039082025,0.75,0
147669.598005346,4462264.459787231,2.5181579463328254,1.0,1.0,1.0,1.0,5.0,1.0,1.0,1.0,1.0,1.0,5.90678392021384,1.0,0
500000.0,1088556.6517685836,0.18142610862809727,0.0,0.0,1.0,1.0,2.0,0.0,0.0,0.0,1.0,1.0,20.0,0.5,1
140273.86071265332,3390247.828469314,2.0140648509787415,1.0,1.0,1.0,1.0,6.0,1.0,1.0,1.0,1.0,1.0,5.610954428506132,1.0,0
164157.58408452314,420294.17206548766,0.2133590996365837,1.0,1.0,0.0,1.0,6.0,1.0,1.0,1.0,1.0,1.0,6.566303363380926,0.75,0
50023.544359246276,894943.6883341488,1.4908707819446503,1.0,1.0,1.0,1.0,6.0,1.0,1.0,1.0,1.0,0.0,2.000941774369851,1.0,0
87316.92703212309,157362.39258142991,0.15018316792452868,1.0,1.0,1.0,0.0,3.0,1.0,1.0,1.0,1.0,1.0,3.4926770812849233,0.75,0
42636.15024104966,3808082.3778743115,7.442984330481616,1.0,1.0,1.0,0.0,5.0,1.0,1.0,1.0,1.0,1.0,1.7054460096419866,0.75,0
93642.70789245315,2999316.095300995,2.669113415951238,1.0,1.0,1.0,1.0,5.0,1.0,1.0,1.0,1.0,1.0,3.745708315698126,1.0,0
129447.49856045561,2627723.3232904077,1.691627463200964,1.0,1.0,1.0,1.0,6.0,1.0,1.0,1.0,1.0,1.0,5.177899942418224,1.0,0
44857.86621710309,4379282.287717958,8.135478153974729,1.0,1.0,1.0,0.0,5.0,1.0,1.0,1.0,1.0,1.0,1.7943146486841235,0.75,0
134019.1521236095,3035318.4770368696,1.8873661145568414,1.0,0.0,1.0,0.0,3.0,1.0,1.0,1.0,1.0,1.0,5.36076608494438,0.5,0
61636.1315839243,3598759.9578875965,4.865598399032518,1.0,1.0,1.0,1.0,3.0,1.0,1.0,1.0,0.0,1.0,2.465445263356972,1.0,0
34583.286793855485,3469838.0079097473,8.361066692399723,1.0,1.0,0.0,1.0,6.0,1.0,0.0,1.0,1.0,0.0,1.3833314717542193,0.75,0
85529.53496676743,3878501.7976742443,3.7789107968972737,1.0,0.0,1.0,1.0,4.0,1.0,1.0,1.0,1.0,1.0,3.421181398670697,0.75,0
55689.97375910368,1912084.9543371655,2.8612046676603606,1.0,1.0,1.0,1.0,5.0,1.0,1.0,1.0,1.0,1.0,2.2275989503641473,1.0,0
113766.09152046868,1313042.8743714434,0.9618001116902821,1.0,1.0,1.0,0.0,3.0,1.0,1.0,1.0,0.0,0.0,4.550643660818747,0.75,0
519099.93630896905,3783033.351968723,0.6073065267014173,1.0,1.0,0.0,0.0,1.0,1.0,0.0,1.0,0.0,1.0,20.763997452358762,0.5,1
181546.639706466,2225705.3559249947,1.0216407564853263,1.0,1.0,1.0,1.0,4.0,1.0,1.0,1.0,1.0,1.0,7.26186558825864,1.0,0
28127.938578347417,2352357.8649730403,6.96922106591872,1.0,1.0,0.0,1.0,6.0,0.0,1.0,1.0,1.0,1.0,1.1251175431338967,0.75,0
159748.8717922569,4787411.643308944,2.4973633040398266,0.0,1.0,1.0,1.0,4.0,0.0,1.0,1.0,1.0,1.0,6.389954871690276,0.75,0
150833.03340724297,769344.4278907458,0.425053015306417,1.0,1.0,1.0,0.0,4.0,1.0,1.0,1.0,1.0,1.0,6.033321336289719,0.75,0
138611.80287031113,3142549.9806443127,1.8892991767715033,1.0,0.0,1.0,1.0,5.0,1.0,1.0,1.0,1.0,1.0,5.544472114812446,0.75,0
34094.974639007676,1327292.704083245,3.2441063972438147,1.0,1.0,1.0,1.0,3.0,1.0,1.0,1.0,1.0,1.0,1.363798985560307,1.0,0
161472.94415145012,2537945.275515901,1.3097887125161811,1.0,1.0,0.0,0.0,3.0,1.0,1.0,1.0,1.0,1.0,6.458917766058005,0.5,0
29072.588753769527,2311072.7864868417,6.624432399365622,1.0,1.0,1.0,1.0,6.0,1.0,1.0,1.0,1.0,1.0,1.1629035501507812,1.0,0
146913.89417845616,4905622.783558804,2.7825952127667994,1.0,0.0,0.0,0.0,6.0,1.0,1.0,1.0,1.0,1.0,5.876555767138246,0.25,0
179662.5298685995,4724137.804819082,2.1912089888165114,1.0,1.0,1.0,1.0,6.0,1.0,0.0,1.0,1.0,0.0,7.18650119474398,1.0,0
68626.14010105311,3895802.302787791,4.730707445019199,1.0,1.0,1.0,1.0,6.0,1.0,1.0,1.0,0.0,1.0,2.7450456040421245,1.0,0
168152.58403643628,305560.9948150177,0.15143041886925296,0.0,1.0,1.0,1.0,3.0,1.0,1.0,0.0,1.0,1.0,6.726103361457452,0.75,0
53370.525012873244,645960.0266286238,1.0086091940461126,0.0,1.0,0.0,0.0,3.0,0.0,0.0,1.0,0.0,0.0,2.13482100051493,0.25,1
126602.96129865761,3791796.8190591484,2.4958584302741693,1.0,1.0,1.0,1.0,3.0,1.0,1.0,1.0,0.0,1.0,5.064118451946304,1.0,0
137423.37368610525,3378209.452912631,2.0485412841953092,1.0,1.0,1.0,1.0,6.0,1.0,1.0,1.0,1.0,1.0,5.49693494744421,1.0,0
198974.3882137043,2471547.904080761,1.0351197819432614,1.0,1.0,1.0,1.0,5.0,1.0,0.0,1.0,1.0,0.0,7.958975528548172,1.0,0
54905.32779326152,4591512.655621916,6.96883289861934,1.0,1.0,1.0,1.0,5.0,1.0,1.0,1.0,1.0,1.0,2.1962131117304606,1.0,0
46815.9692105717,2296763.371310169,4.08828335366302,1.0,1.0,0.0,1.0,3.0,1.0,1.0,1.0,1.0,1.0,1.8726387684228678,0.75,0
85567.45214411247,1904901.3475923215,1.8551654278390144,1.0,1.0,1.0,1.0,5.0,1.0,0.0,1.0,1.0,1.0,3.4226980857644986,1.0,0
53141.40899806227,829551.4466289789,1.3008553691454112,0.0,1.0,1.0,1.0,3.0,1.0,0.0,0.0,1.0,1.0,2.1256563599224907,0.75,0
64772.18477105151,4768793.58331228,6.135341376560023,1.0,1.0,1.0,1.0,4.0,0.0,1.0,1.0,1.0,1.0,2.5908873908420604,1.0,0
193428.27661486948,1923618.4168038152,0.8287388872973516,1.0,0.0,1.0,0.0,6.0,1.0,1.0,1.0,1.0,1.0,7.737131064594779,0.5,0
59856.21885887746,359330.72375037544,0.5002692710977489,0.0,0.0,1.0,0.0,2.0,0.0,1.0,0.0,0.0,0.0,2.3942487543550985,0.25,1
30364.18788601606,2641634.8724649157,7.249864221577221,1.0,1.0,1.0,0.0,4.0,1.0,1.0,1.0,0.0,1.0,1.2145675154406426,0.75,0
750060.53659821,19292300.926753722,2.143415985045147,1.0,0.0,0.0,0.0,2.0,0.0,1.0,1.0,0.0,0.0,30.0024214639284,0.25,1
62929.46501588574,4196976.745715519,5.557779047615779,1.0,1.0,1.0,0.0,5.0,1.0,0.0,1.0,1.0,1.0,2.5171786006354298,0.75,0
84827.62905677006,4289647.987937682,4.214082954295938,1.0,1.0,1.0,1.0,3.0,0.0,1.0,1.0,1.0,1.0,3.3931051622708024,1.0,0
115960.44099730309,4215027.872655692,3.0290702562046725,1.0,1.0,1.0,1.0,4.0,1.0,1.0,1.0,0.0,1.0,4.638417639892124,1.0,0
688760.4180347408,2743358.555738211,0.3319197895118489,0.0,0.0,0.0,0.0,1.0,0.0,0.0,1.0,0.0,0.0,27.550416721389634,0.0,1
129236.77960637274,788709.5411339678,0.5085688090858026,1.0,0.0,0.0,0.0,5.0,1.0,1.0,1.0,1.0,1.0,5.16947118425491,0.25,0
645041.235827941,13694427.913747162,1.7691928248289577,0.0,1.0,0.0,0.0,2.0,0.0,1.0,1.0,1.0,0.0,25.80164943311764,0.25,1
170288.47629922352,2807254.7402986567,1.3737740809532086,1.0,1.0,1.0,1.0,3.0,1.0,1.0,1.0,1.0,1.0,6.811539051968941,1.0,0
36499.01189996167,2553058.9135450474,5.829059428929656,1.0,1.0,1.0,1.0,6.0,1.0,1.0,1.0,1.0,1.0,1.4599604759984668,1.0,0
28602.28650176543,844921.7803303758,2.4616964925695255,1.0,0.0,1.0,1.0,3.0,1.0,1.0,0.0,1.0,0.0,1.1440914600706171,0.75,0
89318.523901018,4514708.388883293,4.212179989567872,1.0,1.0,1.0,1.0,3.0,1.0,1.0,1.0,0.0,0.0,3.57274095604072,1.0,0
191567.0624490668,497630.97482757183,0.2164737892419442,1.0,1.0,1.0,0.0,4.0,1.0,1.0,1.0,1.0,1.0,7.662682497962672,0.75,0
90727.0167119902,2345115.745015674,2.15400350597897,1.0,1.0,1.0,1.0,4.0,1.0,1.0,1.0,1.0,1.0,3.629080668479608,1.0,0
197347.20981840856,406042.20873345004,0.17145847037271464,1.0,1.0,1.0,1.0,4.0,1.0,1.0,1.0,1.0,1.0,7.893888392736343,1.0,0
105959.01742938036,4856315.0725077465,3.8193344231291957,1.0,1.0,1.0,0.0,4.0,0.0,1.0,1.0,1.0,0.0,4.238360697175215,0.75,0
31535.933031112523,878650.0215798324,2.3218223814534027,1.0,1.0,0.0,1.0,6.0,1.0,1.0,1.0,1.0,1.0,1.261437321244501,0.75,0
49372.61271609277,2944291.24486911,4.969508199818629,1.0,1.0,1.0,1.0,4.0,0.0,1.0,1.0,1.0,1.0,1.974904508643711,1.0,0
105943.57532330089,4123871.58449611,3.2437640916493904,1.0,1.0,1.0,1.0,3.0,1.0,1.0,1.0,1.0,1.0,4.237743012932036,1.0,0
170204.8156487603,3256331.185231988,1.5943199437003834,1.0,1.0,1.0,1.0,6.0,1.0,1.0,1.0,1.0,0.0,6.8081926259504115,1.0,0
104325.54608090484,3564723.738606821,2.8474359608930015,1.0,0.0,1.0,0.0,5.0,1.0,1.0,1.0,1.0,1.0,4.173021843236193,0.5,0
114380.77795107401,1534827.9798347272,1.118215262599488,1.0,1.0,1.0,1.0,6.0,1.0,1.0,1.0,1.0,1.0,4.57523111804296,1.0,0
119497.44145027471,2434045.093175384,1.6974178579576809,1.0,1.0,1.0,1.0,5.0,1.0,1.0,1.0,1.0,1.0,4.779897658010988,1.0,0
73988.43196553999,356063.60850151646,0.4010352238434523,1.0,1.0,1.0,1.0,5.0,1.0,1.0,1.0,1.0,1.0,2.9595372786215997,1.0,0
189978.060473647,3587441.748155639,1.5736210711259448,1.0,1.0,1.0,1.0,5.0,1.0,1.0,1.0,1.0,1.0,7.59912241894588,1.0,0
193187.30555715464,3106660.159763546,1.3400898464851243,1.0,1.0,1.0,1.0,4.0,1.0,1.0,1.0,1.0,1.0,7.727492222286186,1.0,0
93126.73245734589,3421284.681519217,3.061495332973842,1.0,1.0,1.0,1.0,3.0,1.0,1.0,1.0,0.0,1.0,3.725069298293836,1.0,0
200000.0,2970656.9033221146,1.2377737097175479,0.0,0.0,0.0,0.0,1.0,1.0,1.0,0.0,0.0,0.0,8.0,0.0,1
122937.05797893813,1546923.420834922,1.0485876853475868,1.0,1.0,1.0,1.0,6.0,0.0,1.0,1.0,0.0,1.0,4.917482319157525,1.0,0
110300.45969366489,4470173.5095726,3.377270232287576,1.0,1.0,0.0,1.0,4.0,1.0,1.0,1.0,1.0,1.0,4.4120183877465955,0.75,0
131858.50742728572,1794799.5576155013,1.1342963963381076,1.0,1.0,1.0,1.0,3.0,1.0,1.0,0.0,1.0,1.0,5.274340297091428,1.0,0
66518.59031194,3638147.5971934116,4.55780805051673,1.0,1.0,1.0,0.0,5.0,1.0,1.0,1.0,1.0,1.0,2.6607436124776003,0.75,0
624681.0244579335,16771598.047135765,2.2373549313546737,1.0,1.0,0.0,0.0,3.0,0.0,0.0,0.0,0.0,1.0,24.987240978317338,0.5,1
164572.84261150792,1792175.5659999505,0.9074885106401261,1.0,1.0,1.0,1.0,5.0,1.0,1.0,1.0,1.0,1.0,6.582913704460317,1.0,0
66586.57019866994,4225792.909161301,5.288595103278187,1.0,1.0,1.0,1.0,6.0,1.0,1.0,1.0,1.0,1.0,2.663462807946798,1.0,0
108978.23355318405,3567834.6163108847,2.7282471156420534,1.0,1.0,1.0,1.0,6.0,1.0,1.0,1.0,1.0,1.0,4.359129342127362,1.0,0
68120.35581684369,2515036.4637924884,3.0767069471308353,1.0,1.0,1.0,1.0,5.0,1.0,1.0,1.0,1.0,0.0,2.7248142326737477,1.0,0
141119.04010292434,3853968.0706983726,2.2758375174412464,1.0,1.0,1.0,1.0,4.0,1.0,1.0,1.0,1.0,1.0,5.644761604116973,1.0,0
43755.10198446081,660989.426522935,1.2588806724712143,1.0,1.0,1.0,1.0,6.0,0.0,1.0,1.0,1.0,1.0,1.7502040793784324,1.0,0
90881.08920365867,4164033.85780835,3.818207115744599,1.0,1.0,1.0,1.0,3.0,1.0,1.0,1.0,1.0,0.0,3.635243568146347,1.0,0
136845.98911771257,4762304.479866257,2.9000390089193657,1.0,1.0,1.0,0.0,4.0,1.0,1.0,1.0,1.0,1.0,5.473839564708503,0.75,0
4309.933420681696,7083912.198692942,136.96870901183763,0.0,0.0,0.0,1.0,2.0,1.0,1.0,1.0,0.0,0.0,0.17239733682726782,0.25,1
55155.97746028523,279934.67625402356,0.42294399921807974,1.0,1.0,0.0,1.0,5.0,1.0,1.0,1.0,1.0,1.0,2.206239098411409,0.75,0
86111.67555721565,3692049.3505454063,3.5729275643659935,1.0,1.0,1.0,1.0,6.0,1.0,1.0,1.0,1.0,1.0,3.444467022288626,1.0,0
652319.7814727074,15646509.259123303,1.9988291151464366,1.0,0.0,1.0,0.0,1.0,1.0,1.0,1.0,0.0,0.0,26.092791258908296,0.5,1
190570.20587338574,4653217.462796084,2.0347783123942556,1.0,1.0,1.0,1.0,6.0,1.0,1.0,1.0,1.0,0.0,7.622808234935429,1.0,0
80879.88657832259,789486.4874389162,0.8134351246425072,1.0,1.0,1.0,1.0,5.0,1.0,1.0,1.0,1.0,1.0,3.2351954631329036,1.0,0
116478.24514184897,3609984.601507143,2.5827316488090757,1.0,1.0,1.0,1.0,3.0,1.0,0.0,1.0,1.0,1.0,4.659129805673959,1.0,0
57398.26254675844,2654350.633505281,3.8537035148972834,1.0,1.0,1.0,1.0,4.0,1.0,1.0,1.0,1.0,0.0,2.2959305018703375,1.0,0
94793.98665695758,4205751.036773838,3.697273059448465,1.0,1.0,1.0,0.0,6.0,1.0,1.0,1.0,1.0,1.0,3.7917594662783034,0.75,0
142623.72079602873,3799705.4508567634,2.220122425200023,1.0,1.0,1.0,1.0,3.0,1.0,1.0,1.0,1.0,1.0,5.70494883184115,1.0,0
156665.542651594,4423840.20519596,2.3531233747604534,1.0,1.0,0.0,1.0,3.0,1.0,1.0,1.0,1.0,1.0,6.26662170606376,0.75,0
707353.4521960823,4016807.463541402,0.4732202186274574,1.0,0.0,0.0,1.0,3.0,0.0,0.0,1.0,0.0,0.0,28.294138087843294,0.5,1
121924.49977023114,3250121.3592876676,2.2214029757572504,1.0,0.0,1.0,1.0,6.0,1.0,1.0,1.0,1.0,1.0,4.876979990809246,0.75,0
200000.0,2358280.2912210096,0.982616788008754,1.0,1.0,0.0,0.0,3.0,1.0,1.0,0.0,1.0,0.0,8.0,0.5,1
57649.229208978504,1781520.0305460254,2.575229618549356,1.0,1.0,1.0,1.0,6.0,1.0,1.0,1.0,1.0,1.0,2.30596916835914,1.0,0
46369.23495175469,167353.21465559173,0.30076194346983864,1.0,1.0,1.0,1.0,3.0,1.0,1.0,1.0,0.0,1.0,1.8547693980701876,1.0,0
100000.0,3919993.2439598814,3.2666610366332343,0.0,0.0,0.0,1.0,3.0,0.0,0.0,1.0,0.0,0.0,4.0,0.25,1
148633.2521352077,4369928.767535186,2.4500623204871066,0.0,1.0,1.0,0.0,5.0,1.0,1.0,1.0,1.0,0.0,5.945330085408308,0.5,0
156841.18242031478,1853211.5000946647,0.9846539619976261,1.0,1.0,1.0,0.0,3.0,1.0,1.0,1.0,1.0,0.0,6.273647296812592,0.75,0
123164.1450186926,4163505.316652102,2.8170436804884837,1.0,1.0,1.0,1.0,4.0,1.0,1.0,1.0,1.0,1.0,4.926565800747704,1.0,0
188927.74802892853,1557987.4114622208,0.6872060120498474,1.0,0.0,1.0,1.0,4.0,1.0,1.0,1.0,1.0,1.0,7.557109921157141,0.75,0
198338.39985011783,3900498.069534105,1.638822870609721,1.0,1.0,1.0,1.0,4.0,1.0,0.0,1.0,1.0,1.0,7.933535994004713,1.0,0
111120.35128891918,3207109.7537440234,2.4051323006570273,1.0,1.0,1.0,1.0,4.0,1.0,1.0,1.0,1.0,1.0,4.444814051556767,1.0,0
158399.89858590777,4420283.998033189,2.325487598947683,1.0,1.0,1.0,0.0,6.0,1.0,1.0,1.0,1.0,1.0,6.335995943436311,0.75,0
6942.244891827255,7407147.144755628,88.91392794132629,1.0,0.0,0.0,1.0,2.0,0.0,1.0,1.0,0.0,0.0,0.2776897956730902,0.5,1
86359.71296160662,2573498.4316921877,2.483313055201543,1.0,1.0,1.0,1.0,3.0,1.0,1.0,1.0,1.0,1.0,3.454388518464265,1.0,0
40596.775620302906,2422213.978568903,4.97209844369497,1.0,1.0,1.0,1.0,6.0,1.0,1.0,1.0,0.0,1.0,1.6238710248121162,1.0,0
194935.19290393937,2344179.2191175004,1.0021190394084247,1.0,0.0,1.0,1.0,3.0,0.0,1.0,1.0,1.0,1.0,7.797407716157575,0.75,0
165499.353504652,3493408.914531829,1.7590244516341031,1.0,1.0,1.0,1.0,3.0,0.0,1.0,1.0,1.0,1.0,6.6199741401860805,1.0,0
560878.5627847108,3423087.346489495,0.5085900902645455,1.0,0.0,0.0,0.0,3.0,0.0,0.0,1.0,1.0,0.0,22.43514251138843,0.25,1
152433.0323356306,1752993.179168554,0.9583406082814414,1.0,1.0,0.0,0.0,4.0,1.0,1.0,1.0,0.0,1.0,6.097321293425224,0.5,0
37634.721571355774,430762.4787507275,0.9538232709166319,1.0,1.0,1.0,1.0,6.0,0.0,1.0,1.0,0.0,1.0,1.505388862854231,1.0,0
42811.93270857065,2928279.444999299,5.699889531836602,1.0,1.0,1.0,0.0,5.0,1.0,1.0,1.0,1.0,1.0,1.7124773083428262,0.75,0
112018.48853116746,2253084.4495028155,1.6761254317971572,1.0,1.0,1.0,1.0,4.0,1.0,1.0,1.0,1.0,1.0,4.480739541246698,1.0,0
138308.07497705554,909894.0017004914,0.5482290181125464,1.0,1.0,1.0,1.0,4.0,1.0,0.0,1.0,1.0,0.0,5.532322999082222,1.0,0
176885.70154100386,4208609.985830821,1.9827351547571828,1.0,1.0,1.0,0.0,5.0,1.0,1.0,1.0,1.0,1.0,7.075428061640154,0.75,0
95133.53565318204,2074079.084899922,1.816813834942116,1.0,1.0,1.0,1.0,3.0,1.0,1.0,1.0,1.0,1.0,3.8053414261272818,1.0,0
163183.17498904694,2575513.1905255276,1.3152464966125743,1.0,1.0,1.0,1.0,5.0,1.0,1.0,1.0,1.0,1.0,6.527326999561877,1.0,0
118208.02162962906,2335558.893882156,1.6465033856444193,0.0,1.0,1.0,1.0,6.0,1.0,1.0,1.0,1.0,1.0,4.728320865185163,0.75,0
172729.8285696095,3644894.3074650047,1.75847561943445,1.0,1.0,1.0,0.0,6.0,1.0,1.0,1.0,1.0,1.0,6.90919314278438,0.75,0
186437.39170602674,2097162.622011703,0.9373846642838396,1.0,1.0,1.0,1.0,6.0,0.0,1.0,1.0,1.0,1.0,7.457495668241069,1.0,0
153870.3526364871,2226702.7662729183,1.2059409800304521,1.0,1.0,1.0,1.0,4.0,1.0,1.0,1.0,1.0,1.0,6.154814105459485,1.0,0
186152.6700930673,744296.6875001099,0.3331927708978503,1.0,1.0,1.0,1.0,3.0,1.0,1.0,1.0,1.0,1.0,7.446106803722692,1.0,0
47235.58971407983,3781737.9215423237,6.671766536689522,1.0,1.0,1.0,1.0,4.0,1.0,1.0,1.0,1.0,1.0,1.8894235885631934,1.0,0
164974.66979078017,4558721.4048865205,2.302738056023925,1.0,1.0,1.0,1.0,3.0,1.0,1.0,1.0,1.0,1.0,6.598986791631207,1.0,0
130003.59592087816,4740744.268831744,3.0388545763232973,1.0,1.0,1.0,0.0,4.0,1.0,0.0,1.0,1.0,1.0,5.200143836835126,0.75,0
100000.0,201248.16203249685,0.16770680169374738,0.0,0.0,0.0,1.0,2.0,0.0,0.0,1.0,1.0,0.0,4.0,0.25,1
180262.22995085715,426594.9987473808,0.19721038200093208,1.0,0.0,1.0,1.0,4.0,1.0,1.0,1.0,1.0,0.0,7.210489198034286,0.75,0
111655.95926947228,3694710.46475087,2.7575110253288533,1.0,1.0,1.0,1.0,4.0,1.0,1.0,1.0,1.0,1.0,4.466238370778891,1.0,0
644708.9425780054,2076614.5638843589,0.26841757920255915,0.0,1.0,0.0,0.0,3.0,1.0,0.0,1.0,0.0,1.0,25.788357703120216,0.25,1
74848.15608553085,771052.5146586196,0.8584630481494636,1.0,1.0,0.0,0.0,1.0,1.0,1.0,0.0,1.0,1.0,2.993926243421234,0.5,1
63868.8668323778,3049219.7892179783,3.9784900171844515,1.0,1.0,1.0,1.0,6.0,1.0,1.0,1.0,1.0,1.0,2.554754673295112,1.0,0
119832.66579121267,4882467.734068147,3.395337227006608,1.0,1.0,1.0,1.0,6.0,1.0,1.0,1.0,1.0,1.0,4.793306631648507,1.0,0
179152.38285981247,290756.82029577054,0.13524651270537338,1.0,1.0,1.0,1.0,6.0,1.0,1.0,1.0,1.0,1.0,7.166095314392499,1.0,0
65367.21705060777,2241279.839761542,2.8572934325095605,1.0,1.0,1.0,1.0,5.0,1.0,1.0,1.0,1.0,1.0,2.6146886820243105,1.0,0
500000.0,2308712.9520772714,0.3847854920128786,1.0,1.0,0.0,1.0,2.0,0.0,1.0,1.0,0.0,1.0,20.0,0.75,1
154973.64120999668,3715636.42568957,1.9979937645518189,1.0,1.0,0.0,1.0,3.0,1.0,1.0,1.0,1.0,1.0,6.198945648399867,0.75,0
91462.51153136522,602583.01665959,0.5490255028813511,1.0,1.0,1.0,1.0,5.0,1.0,1.0,1.0,1.0,1.0,3.658500461254609,1.0,0
40800.70975952145,4924881.723670091,10.058815464847799,1.0,0.0,1.0,1.0,3.0,1.0,1.0,1.0,1.0,1.0,1.6320283903808581,0.75,0
125532.79480648458,1517299.3826660071,1.0072397051072086,1.0,1.0,1.0,0.0,4.0,0.0,1.0,1.0,1.0,1.0,5.021311792259383,0.75,0
30337.54373933365,3851013.2050564378,10.578238299231712,1.0,1.0,1.0,0.0,4.0,1.0,1.0,1.0,1.0,1.0,1.213501749573346,0.75,0
72884.66659929152,1590573.7262177763,1.8185966500591286,0.0,1.0,1.0,1.0,5.0,1.0,1.0,1.0,1.0,1.0,2.915386663971661,0.75,0
99934.93261198259,4518692.739876521,3.7680290413073503,1.0,1.0,1.0,1.0,3.0,1.0,1.0,1.0,1.0,1.0,3.9973973044793034,1.0,0
500000.0,2541696.712346577,0.4236161187244295,1.0,1.0,0.0,0.0,3.0,0.0,1.0,1.0,0.0,1.0,20.0,0.5,1
172355.82651587372,2936153.0971085085,1.4196179479694453,1.0,1.0,1.0,1.0,5.0,1.0,1.0,1.0,1.0,0.0,6.8942330606349485,1.0,0
61865.88307599165,551128.2318041297,0.7423696287326933,0.0,1.0,1.0,1.0,4.0,1.0,1.0,1.0,1.0,1.0,2.4746353230396663,0.75,0
151006.39389556303,711621.9884375567,0.3927107378698806,1.0,1.0,0.0,1.0,5.0,1.0,1.0,1.0,1.0,0.0,6.040255755822521,0.75,0
135646.2503859178,3867721.6323274407,2.3761079654638766,1.0,1.0,1.0,1.0,5.0,1.0,1.0,0.0,0.0,1.0,5.425850015436713,1.0,0
90557.20755963246,2763337.2649789657,2.542902013219371,1.0,1.0,1.0,1.0,5.0,1.0,1.0,1.0,1.0,1.0,3.6222883023852983,1.0,0
79425.15349641032,721826.0397469295,0.7573440822072748,1.0,1.0,0.0,0.0,1.0,0.0,1.0,1.0,0.0,1.0,3.1770061398564127,0.5,1
162139.27722970003,1984105.5054595815,1.0197536851032565,1.0,1.0,1.0,1.0,6.0,1.0,1.0,1.0,1.0,1.0,6.485571089188001,1.0,0
190979.32871837742,1424927.103284175,0.6217632351655389,1.0,1.0,0.0,1.0,3.0,1.0,1.0,1.0,0.0,1.0,7.639173148735097,0.75,0
129138.6378725446,1902151.3400051491,1.227460768353018,1.0,1.0,1.0,0.0,4.0,1.0,0.0,1.0,1.0,1.0,5.165545514901784,0.75,0
500000.0,738440.1372789002,0.12307335621315005,1.0,1.0,0.0,1.0,3.0,0.0,0.0,0.0,0.0,0.0,20.0,0.75,1
177381.85380902037,3845759.567569971,1.8067235012055498,1.0,1.0,1.0,1.0,6.0,1.0,1.0,1.0,0.0,0.0,7.0952741523608145,1.0,0
198469.79889788295,4399017.220350909,1.8470556749603582,1.0,1.0,1.0,1.0,6.0,1.0,1.0,1.0,1.0,1.0,7.938791955915318,1.0,0
153028.1663071831,2082184.1893119614,1.1338785094047446,0.0,1.0,1.0,1.0,5.0,1.0,1.0,1.0,1.0,1.0,6.121126652287324,0.75,0
715522.1649032303,4475997.631807211,0.5212973419223801,0.0,0.0,0.0,1.0,1.0,1.0,0.0,1.0,1.0,1.0,28.62088659612921,0.25,1
115788.35880508907,727669.1571943801,0.5237063298819279,1.0,1.0,1.0,0.0,4.0,1.0,1.0,0.0,0.0,1.0,4.631534352203563,0.75,0
34853.07324432154,2306719.796636522,5.515342890200617,1.0,1.0,1.0,1.0,3.0,1.0,1.0,1.0,1.0,1.0,1.3941229297728615,1.0,0
80820.73530140822,4365834.282725434,4.501561662408108,1.0,1.0,1.0,1.0,3.0,1.0,1.0,1.0,1.0,1.0,3.232829412056329,1.0,0
176947.68844646658,655187.1731645745,0.3085597307114082,1.0,1.0,1.0,1.0,6.0,1.0,1.0,1.0,0.0,1.0,7.077907537858663,1.0,0
45312.71208871034,4862826.115194532,8.943086628895664,1.0,1.0,1.0,1.0,6.0,1.0,1.0,1.0,1.0,1.0,1.8125084835484135,1.0,0
30118.27453104785,958586.683318554,2.6522841980051606,0.0,1.0,1.0,0.0,4.0,1.0,1.0,1.0,1.0,1.0,1.204730981241914,0.5,0
529.7879330259692,17762189.997051835,2793.9150884392907,1.0,1.0,0.0,0.0,1.0,0.0,0.0,0.0,1.0,1.0,0.02119151732103877,0.5,1
143389.84251101816,413631.09838224255,0.24038842357938692,1.0,1.0,0.0,1.0,5.0,0.0,1.0,1.0,1.0,1.0,5.7355937004407265,0.75,0
128473.20125536261,193668.86270584376,0.12562208876600234,1.0,0.0,1.0,0.0,5.0,1.0,1.0,1.0,1.0,1.0,5.1389280502145045,0.5,0
128764.48859729806,2868918.031018506,1.8566959352634136,1.0,1.0,1.0,0.0,4.0,1.0,1.0,1.0,0.0,1.0,5.150579543891922,0.75,0
140287.08917437552,4055062.1330879247,2.408787910653418,1.0,1.0,1.0,1.0,3.0,1.0,1.0,1.0,1.0,1.0,5.6114835669750205,1.0,0
100000.0,4582246.92130751,3.8185391010895913,0.0,0.0,1.0,1.0,1.0,1.0,0.0,1.0,0.0,1.0,4.0,0.5,1
30881.74145261732,816535.4572207669,2.2033932749377683,1.0,0.0,0.0,0.0,2.0,0.0,0.0,1.0,1.0,0.0,1.2352696581046927,0.25,1
200000.0,2768332.0687573967,1.153471695315582,1.0,0.0,1.0,0.0,3.0,0.0,1.0,1.0,0.0,0.0,8.0,0.5,1
128301.61494009136,4212758.612544412,2.7362338180696977,1.0,1.0,1.0,1.0,6.0,0.0,1.0,1.0,1.0,1.0,5.132064597603654,1.0,0
62439.931228944435,921593.5707004274,1.229973555599221,1.0,1.0,1.0,0.0,1.0,1.0,0.0,1.0,0.0,1.0,2.4975972491577774,0.75,1
121400.03985659938,4255406.239047272,2.9210631809195036,1.0,1.0,1.0,1.0,6.0,1.0,1.0,1.0,1.0,0.0,4.856001594263975,1.0,0
98430.01092486324,1356997.3059768144,1.148868193438721,1.0,1.0,1.0,1.0,3.0,1.0,1.0,1.0,1.0,1.0,3.9372004369945293,1.0,0
30692.081410969084,2593563.722396174,7.041891597564904,1.0,0.0,1.0,1.0,3.0,1.0,1.0,1.0,1.0,1.0,1.2276832564387634,0.75,0
52376.48246744006,206934.64419989855,0.3292423024788843,1.0,1.0,1.0,1.0,6.0,1.0,1.0,1.0,1.0,1.0,2.095059298697602,1.0,0
158841.7151580242,3367552.2173977247,1.766723251323655,1.0,1.0,1.0,1.0,5.0,1.0,1.0,1.0,1.0,1.0,6.3536686063209675,1.0,0
73444.86451613402,470359.7078849282,0.5336879927817619,1.0,1.0,1.0,1.0,6.0,0.0,1.0,1.0,1.0,1.0,2.937794580645361,1.0,0
7510.704788480105,19003434.674040996,210.84832925387158,0.0,1.0,1.0,0.0,1.0,0.0,1.0,0.0,0.0,1.0,0.3004281915392042,0.5,1
57640.73931997449,907592.597074242,1.312139943296046,1.0,1.0,1.0,1.0,3.0,1.0,1.0,1.0,1.0,0.0,2.3056295727989795,1.0,0
170677.4621400738,3925731.7717353553,1.9167399738038906,1.0,1.0,1.0,1.0,5.0,1.0,1.0,1.0,1.0,1.0,6.827098485602952,1.0,0
50880.26236511984,969241.9819974691,1.5874557522295023,0.0,0.0,0.0,1.0,1.0,1.0,0.0,1.0,0.0,1.0,2.0352104946047933,0.25,1
27902.870062374826,1146205.6949222924,3.4232013061739806,1.0,1.0,1.0,1.0,6.0,1.0,1.0,1.0,0.0,1.0,1.116114802494993,1.0,0
112227.38481258502,149642.80173594254,0.11111578068775259,1.0,1.0,1.0,1.0,4.0,1.0,1.0,1.0,0.0,1.0,4.489095392503401,1.0,0
197214.60710987664,138423.7947823924,0.0584911858249892,1.0,1.0,1.0,1.0,6.0,1.0,1.0,1.0,1.0,1.0,7.8885842843950655,1.0,0
132626.2646723547,679847.3355245979,0.4271698729283375,1.0,1.0,0.0,1.0,4.0,1.0,1.0,1.0,1.0,1.0,5.305050586894188,0.75,0
150269.3688193655,174042.35265092767,0.09651687167869576,1.0,1.0,1.0,1.0,6.0,1.0,1.0,1.0,1.0,1.0,6.01077475277462,1.0,0
32597.193249593354,4365582.134719983,11.160424409583287,1.0,1.0,1.0,1.0,6.0,1.0,1.0,1.0,1.0,1.0,1.3038877299837341,1.0,0
29643.13567791845,366226.97063222877,1.0295440587308151,1.0,1.0,1.0,1.0,5.0,1.0,1.0,1.0,1.0,1.0,1.185725427116738,1.0,0
39040.90549078739,3493214.850679204,7.456313676569116,1.0,1.0,1.0,1.0,3.0,1.0,1.0,1.0,1.0,1.0,1.5616362196314955,1.0,0
124760.70476563887,3217269.0870703403,2.1489599450363346,1.0,1.0,0.0,1.0,3.0,1.0,1.0,1.0,1.0,1.0,4.990428190625555,0.75,0
51015.97735679477,534163.0984514274,0.8725421690209023,1.0,0.0,1.0,1.0,6.0,1.0,1.0,1.0,1.0,1.0,2.040639094271791,0.75,0
56837.42283667244,1476922.0446526967,2.165419030487431,1.0,1.0,1.0,0.0,4.0,0.0,1.0,1.0,1.0,1.0,2.273496913466898,0.75,0
543850.4599781974,18632408.211454004,2.855014013135303,1.0,0.0,0.0,1.0,1.0,1.0,0.0,0.0,0.0,0.0,21.754018399127894,0.5,1
88635.18041637645,4647609.837597644,4.369606041082137,1.0,1.0,1.0,1.0,4.0,1.0,0.0,1.0,1.0,1.0,3.545407216655058,1.0,0
94507.11768322959,2648832.4723226805,2.335655184195648,1.0,1.0,1.0,1.0,6.0,1.0,1.0,1.0,1.0,0.0,3.7802847073291836,1.0,0
623062.0913800544,3952875.622161369,0.5286893656411685,0.0,0.0,0.0,0.0,1.0,1.0,0.0,1.0,0.0,0.0,24.922483655202175,0.0,1
160155.7185537369,663171.6855918774,0.34506608712890685,1.0,1.0,0.0,1.0,4.0,1.0,1.0,1.0,1.0,1.0,6.406228742149476,0.75,0
68792.50717880418,3352569.4622603864,4.061209570332095,1.0,1.0,1.0,1.0,5.0,0.0,1.0,1.0,1.0,1.0,2.7517002871521674,1.0,0
74852.7578433365,1283530.5243382407,1.428950383525629,1.0,1.0,1.0,0.0,5.0,1.0,1.0,1.0,1.0,1.0,2.9941103137334597,0.75,0
705401.8035531312,4189679.885155304,0.4949519389814139,1.0,1.0,1.0,0.0,3.0,1.0,0.0,0.0,1.0,0.0,28.216072142125245,0.75,1
43721.611794717726,1102932.5343806914,2.1021879285527305,1.0,1.0,1.0,1.0,4.0,1.0,1.0,1.0,1.0,1.0,1.748864471788709,1.0,0
157149.01974288333,1653038.2801764845,0.8765768328691427,1.0,0.0,1.0,1.0,6.0,1.0,1.0,1.0,1.0,1.0,6.285960789715333,0.75,0
195061.86447616812,1200616.4980348744,0.5129212473433699,1.0,1.0,1.0,1.0,4.0,1.0,1.0,1.0,1.0,1.0,7.8024745790467245,1.0,0
864.8444215163853,19918483.52312865,1919.2742482133704,0.0,1.0,0.0,0.0,1.0,0.0,0.0,1.0,0.0,1.0,0.034593776860655415,0.25,1
199950.59282507285,335899.8962939319,0.1399928733843909,1.0,1.0,1.0,1.0,6.0,1.0,1.0,1.0,1.0,1.0,7.9980237130029135,1.0,0
71410.41434430196,3991566.9232577127,4.658012139999357,1.0,1.0,1.0,0.0,3.0,1.0,0.0,1.0,1.0,1.0,2.856416573772078,0.75,0
154696.11362576034,2346762.7435212643,1.2641788948441925,1.0,1.0,1.0,1.0,5.0,1.0,1.0,1.0,0.0,1.0,6.187844545030414,1.0,0
127093.56408407108,2468696.4362684186,1.6186870240438251,1.0,1.0,1.0,1.0,3.0,1.0,1.0,1.0,1.0,1.0,5.0837425633628435,1.0,0
7243.627065632184,7364513.475752266,84.72405477974833,0.0,1.0,1.0,0.0,3.0,0.0,0.0,1.0,1.0,0.0,0.28974508262528736,0.5,1
173609.2390239309,1401355.8814971698,0.6726580765401172,1.0,1.0,1.0,1.0,4.0,1.0,1.0,1.0,1.0,0.0,6.944369560957235,1.0,0
40975.168437573375,4919255.216304588,10.004545443580032,1.0,1.0,1.0,0.0,5.0,1.0,1.0,1.0,1.0,1.0,1.639006737502935,0.75,0
154131.9604217595,1374773.1757140507,0.743287965688722,1.0,1.0,1.0,1.0,5.0,1.0,1.0,1.0,1.0,0.0,6.16527841687038,1.0,0
1727.553939907227,6731504.5997526385,324.7127071911733,1.0,0.0,0.0,0.0,3.0,0.0,1.0,0.0,0.0,0.0,0.06910215759628908,0.25,1
39935.8063739094,1482716.6659966807,3.0939583643192266,1.0,1.0,0.0,1.0,6.0,1.0,1.0,0.0,1.0,1.0,1.597432254956376,0.75,0
79313.3428116254,1744491.2259222292,1.8329106260484598,1.0,1.0,0.0,0.0,3.0,1.0,1.0,1.0,1.0,1.0,3.1725337124650164,0.5,0
65501.13657500923,819355.4269008848,1.0424188415450781,1.0,0.0,1.0,0.0,3.0,0.0,0.0,0.0,0.0,0.0,2.6200454630003693,0.5,1
162405.79324377739,405229.8108373072,0.20793070387840246,1.0,1.0,1.0,1.0,5.0,1.0,1.0,1.0,1.0,1.0,6.496231729751095,1.0,0
100000.0,4159061.9511786657,3.465884959315555,1.0,1.0,1.0,1.0,1.0,1.0,1.0,1.0,0.0,1.0,4.0,1.0,1
86051.94664502417,2576730.077761205,2.495324218124666,1.0,1.0,1.0,1.0,4.0,1.0,1.0,1.0,1.0,1.0,3.442077865800967,1.0,0
110649.36863754959,1537212.192824767,1.1577202621765224,1.0,0.0,1.0,1.0,4.0,1.0,1.0,1.0,1.0,1.0,4.425974745501984,0.75,0
135792.7550228219,1099774.6096816044,0.6749099694216454,1.0,1.0,1.0,1.0,3.0,1.0,1.0,1.0,1.0,1.0,5.4317102009128755,1.0,0
39846.599964908586,4113411.2179221148,8.602597673629708,1.0,1.0,1.0,1.0,5.0,0.0,1.0,1.0,1.0,0.0,1.5938639985963434,1.0,0
133865.17253987788,3295898.871772815,2.051752775596518,1.0,1.0,1.0,1.0,6.0,1.0,1.0,1.0,1.0,1.0,5.354606901595115,1.0,0
48954.98526204127,4788319.095873002,8.150887783682931,1.0,1.0,1.0,0.0,6.0,1.0,0.0,1.0,1.0,1.0,1.958199410481651,0.75,0
48943.26041081824,1628132.9037927277,2.77214351565221,1.0,1.0,1.0,1.0,4.0,0.0,1.0,1.0,1.0,1.0,1.9577304164327296,1.0,0
167414.12844871602,305920.9083398859,0.15227752439145673,1.0,1.0,0.0,1.0,5.0,1.0,1.0,1.0,0.0,0.0,6.696565137948641,0.75,0
105636.28440572701,2045373.7020622392,1.6135346814218872,1.0,1.0,1.0,1.0,3.0,1.0,1.0,1.0,1.0,1.0,4.22545137622908,1.0,0
3682.602382300805,5662340.736675968,128.13268419207463,0.0,0.0,0.0,0.0,3.0,1.0,1.0,0.0,0.0,0.0,0.1473040952920322,0.0,1
155113.94485103135,2949949.2356470483,1.5848291603097144,1.0,0.0,1.0,1.0,3.0,0.0,1.0,1.0,1.0,1.0,6.204557794041254,0.75,0
557837.9379552959,17636996.108189385,2.6347252054417134,1.0,1.0,0.0,1.0,2.0,0.0,1.0,1.0,0.0,0.0,22.313517518211835,0.75,1
39936.191913762676,480481.7398908648,1.0026029792066105,1.0,1.0,1.0,1.0,6.0,1.0,1.0,1.0,1.0,1.0,1.597447676550507,1.0,0
129765.2347344814,2580095.127917196,1.6568993056296673,1.0,1.0,1.0,0.0,6.0,1.0,1.0,0.0,1.0,1.0,5.190609389379256,0.75,0
40376.63735034584,353176.7361240094,0.728921391388446,1.0,1.0,0.0,1.0,5.0,1.0,1.0,1.0,1.0,1.0,1.6150654940138336,0.75,0
100658.59018245533,4102219.3858776167,3.3961494480516348,1.0,1.0,1.0,1.0,4.0,0.0,1.0,1.0,1.0,1.0,4.026343607298213,1.0,0
177004.84743315555,718697.2336660634,0.33836042914845105,1.0,1.0,1.0,1.0,3.0,1.0,1.0,1.0,1.0,0.0,7.080193897326222,1.0,0
150054.2864725109,2844824.0989630255,1.5798860564840653,1.0,1.0,1.0,0.0,4.0,1.0,1.0,1.0,1.0,0.0,6.002171458900436,0.75,0
52299.041058835464,617756.9528825452,0.9843344166794886,1.0,1.0,1.0,1.0,5.0,1.0,1.0,1.0,1.0,0.0,2.0919616423534184,1.0,0
41393.08436991618,3135987.753553219,6.313429327002114,1.0,1.0,0.0,1.0,3.0,1.0,1.0,1.0,1.0,1.0,1.655723374796647,0.75,0
68265.43802055597,3028574.585243245,3.697056999193948,1.0,1.0,1.0,1.0,6.0,1.0,1.0,1.0,1.0,1.0,2.7306175208222387,1.0,0
142525.30922873993,4173730.2204899783,2.440344480497102,1.0,1.0,1.0,1.0,4.0,1.0,1.0,1.0,1.0,1.0,5.7010123691495975,1.0,0
181108.1471559948,3247395.0769356145,1.4942246423525603,1.0,1.0,1.0,1.0,6.0,1.0,1.0,1.0,1.0,1.0,7.244325886239793,1.0,0
102026.68640443023,2129235.7873917427,1.739116714156796,1.0,0.0,0.0,0.0,5.0,1.0,1.0,1.0,1.0,1.0,4.08106745617721,0.25,0
65012.49096310598,2955753.4919090993,3.788699484414546,1.0,1.0,1.0,0.0,5.0,1.0,1.0,1.0,1.0,1.0,2.600499638524239,0.75,0
185101.2682885785,3945995.187846191,1.7765028590071863,1.0,1.0,1.0,1.0,3.0,1.0,1.0,1.0,1.0,1.0,7.40405073154314,1.0,0
27275.336614378808,1492943.055344832,4.561334037327681,1.0,1.0,1.0,1.0,3.0,1.0,1.0,1.0,1.0,1.0,1.0910134645751524,1.0,0
63532.06034121698,1515536.2006549118,1.9878889919452924,1.0,1.0,1.0,1.0,3.0,1.0,1.0,1.0,1.0,1.0,2.541282413648679,1.0,0
190307.48840795408,3958196.431086431,1.7332460501157534,1.0,1.0,0.0,1.0,3.0,1.0,1.0,1.0,1.0,1.0,7.612299536318163,0.75,0
100000.0,2214793.876515787,1.845661563763156,1.0,1.0,1.0,0.0,2.0,1.0,1.0,0.0,1.0,0.0,4.0,0.75,1
56156.294202206496,4245015.0544208875,6.2994052503053934,1.0,1.0,1.0,0.0,5.0,1.0,1.0,1.0,1.0,1.0,2.2462517680882597,0.75,0
104134.82994960118,1317043.675812021,1.0539570641649865,1.0,0.0,1.0,1.0,5.0,1.0,1.0,1.0,1.0,1.0,4.165393197984047,0.75,0
88023.87130751584,2584592.2690197197,2.4468668088060603,1.0,1.0,1.0,1.0,5.0,1.0,1.0,1.0,1.0,1.0,3.5209548523006338,1.0,0
73114.62647771057,952523.0890356363,1.0856504082736653,0.0,0.0,0.0,0.0,3.0,1.0,0.0,0.0,0.0,1.0,2.9245850591084226,0.0,1
197640.16853877145,2167967.8746254314,0.9141056238103646,1.0,0.0,1.0,1.0,6.0,1.0,1.0,1.0,1.0,1.0,7.905606741550858,0.75,0
99581.72789129526,1229041.6443750146,1.0285033128070886,1.0,1.0,1.0,1.0,4.0,0.0,1.0,1.0,1.0,1.0,3.9832691156518103,1.0,0
171296.52108963602,2708861.343148564,1.3178227078193605,0.0,1.0,1.0,1.0,4.0,1.0,1.0,1.0,1.0,1.0,6.851860843585441,0.75,0
99451.37675787293,917614.9883238889,0.7688975073701423,1.0,1.0,1.0,1.0,5.0,1.0,1.0,0.0,0.0,0.0,3.9780550703149173,1.0,0
84718.36983457736,4308202.178723958,4.237768608248948,1.0,1.0,1.0,1.0,6.0,1.0,1.0,1.0,1.0,1.0,3.3887347933830942,1.0,0
35072.78300291275,4922140.563278839,11.695062243540006,1.0,1.0,0.0,1.0,3.0,1.0,1.0,1.0,1.0,1.0,1.40291132011651,0.75,0
181937.97173355208,126978.41588606202,0.05816012213584791,1.0,1.0,1.0,1.0,3.0,1.0,1.0,1.0,1.0,1.0,7.277518869342083,1.0,0
54862.715797423574,755012.3398236071,1.146820642594862,1.0,0.0,0.0,0.0,2.0,1.0,1.0,0.0,0.0,1.0,2.194508631896943,0.25,1
89832.61798849184,3078735.5490444484,2.8559926394060033,1.0,1.0,1.0,1.0,4.0,1.0,1.0,1.0,1.0,1.0,3.5933047195396735,1.0,0
132962.2107157549,4481062.082412928,2.8084809826107233,1.0,1.0,0.0,1.0,4.0,1.0,1.0,1.0,1.0,1.0,5.318488428630196,0.75,0
134530.99087647657,789934.4495741128,0.48931380322831675,1.0,1.0,1.0,1.0,4.0,1.0,1.0,1.0,1.0,1.0,5.381239635059063,1.0,0
93792.10181668308,2456767.1604420063,2.1828127607551333,1.0,1.0,0.0,1.0,3.0,1.0,1.0,1.0,1.0,1.0,3.751684072667323,0.75,0
178555.65096031656,159305.2722029264,0.07434902944177493,1.0,1.0,1.0,0.0,3.0,1.0,1.0,1.0,1.0,1.0,7.142226038412662,0.75,0
150860.31119764617,2149835.9341011727,1.187542257378204,1.0,0.0,1.0,0.0,4.0,1.0,1.0,1.0,0.0,1.0,6.034412447905846,0.5,0
137626.0966593919,1736844.8317769691,1.0516687810521457,1.0,1.0,1.0,1.0,6.0,1.0,1.0,1.0,1.0,1.0,5.505043866375676,1.0,0
49661.73937058346,3713049.6792002185,6.230567243951587,1.0,1.0,1.0,0.0,5.0,0.0,1.0,1.0,1.0,1.0,1.9864695748233385,0.75,0
104812.24723798128,3491590.5743012466,2.7760675766365206,1.0,1.0,1.0,1.0,6.0,1.0,1.0,1.0,0.0,1.0,4.192489889519251,1.0,0
74847.08651605684,4721071.604949067,5.256352011261725,1.0,1.0,1.0,1.0,3.0,1.0,1.0,1.0,1.0,1.0,2.9938834606422735,1.0,0
173688.29336854702,4472282.240884296,2.1457415437294403,1.0,1.0,1.0,1.0,5.0,1.0,1.0,1.0,1.0,1.0,6.94753173474188,1.0,0
171807.16512803847,4428977.338631697,2.1482308063864424,1.0,1.0,1.0,1.0,5.0,1.0,1.0,1.0,1.0,0.0,6.8722866051215385,1.0,0
196005.48223873053,4642842.081406293,1.9739422712300339,1.0,1.0,1.0,1.0,5.0,1.0,1.0,1.0,1.0,1.0,7.840219289549221,1.0,0
81907.08135468073,4486076.929462029,4.5641932045289755,1.0,0.0,0.0,1.0,5.0,1.0,1.0,1.0,1.0,1.0,3.2762832541872293,0.5,0
130104.00833810803,4001583.1076527056,2.5630667589000433,1.0,1.0,0.0,1.0,5.0,1.0,1.0,1.0,0.0,1.0,5.204160333524321,0.75,0
157172.32358694138,3610345.848594685,1.9142184017094606,1.0,0.0,1.0,1.0,3.0,1.0,1.0,0.0,1.0,1.0,6.286892943477655,0.75,0
660464.1097614615,3950444.6469285307,0.4984430125904577,0.0,1.0,0.0,0.0,1.0,1.0,0.0,1.0,1.0,0.0,26.41856439045846,0.25,1
537465.8690888806,2118111.541647276,0.32841024014509784,1.0,0.0,0.0,0.0,1.0,1.0,1.0,1.0,0.0,0.0,21.498634763555224,0.25,1
29136.75255810887,4232298.222160628,12.1046955322147,1.0,1.0,1.0,1.0,3.0,1.0,1.0,1.0,1.0,1.0,1.1654701023243548,1.0,0
71729.94727964874,2927900.6715877717,3.401532161749403,1.0,1.0,1.0,1.0,3.0,1.0,1.0,1.0,1.0,1.0,2.8691978911859497,1.0,0
105194.2558360154,4051377.7244409136,3.209441501220134,1.0,1.0,1.0,0.0,6.0,1.0,1.0,1.0,1.0,1.0,4.207770233440616,0.75,0
138903.53958325897,3317974.475135879,1.9905747093093817,1.0,1.0,0.0,1.0,4.0,1.0,1.0,1.0,1.0,1.0,5.5561415833303585,0.75,0
500000.0,4604153.990936093,0.7673589984893489,1.0,1.0,1.0,0.0,3.0,0.0,0.0,0.0,1.0,0.0,20.0,0.75,1
175857.46392312986,421904.8088763923,0.199927448563691,1.0,1.0,0.0,0.0,4.0,1.0,1.0,1.0,1.0,1.0,7.034298556925195,0.5,0
31476.33607521121,3762477.5923238005,9.961127578862046,1.0,1.0,1.0,1.0,4.0,1.0,0.0,1.0,0.0,1.0,1.2590534430084483,1.0,0
119726.85867768733,3161883.088074295,2.2007614686430377,1.0,1.0,1.0,1.0,4.0,1.0,1.0,1.0,1.0,1.0,4.789074347107493,1.0,0
177849.06666429059,4845832.925329472,2.270573683731361,1.0,1.0,1.0,1.0,5.0,1.0,1.0,1.0,1.0,1.0,7.113962666571624,1.0,0
7189.098153252109,15742025.947303543,182.47566908169114,1.0,1.0,0.0,0.0,2.0,1.0,0.0,0.0,0.0,0.0,0.28756392613008436,0.5,1
51750.34935725811,314321.45431384206,0.5061502936980621,1.0,1.0,1.0,0.0,4.0,1.0,1.0,1.0,1.0,1.0,2.0700139742903243,0.75,0
189756.3415358919,354587.23001591524,0.15572041279616733,1.0,1.0,1.0,1.0,6.0,1.0,1.0,1.0,0.0,1.0,7.590253661435676,1.0,0
37957.814053465816,2244255.3078714204,4.927082349698042,1.0,1.0,1.0,1.0,3.0,1.0,1.0,1.0,0.0,1.0,1.5183125621386326,1.0,0
114991.02672238203,4983814.583879586,3.6117416621789973,1.0,1.0,1.0,1.0,4.0,1.0,1.0,0.0,1.0,1.0,4.599641068895281,1.0,0
78887.7397784584,3740119.318972901,3.9508878158975578,1.0,1.0,1.0,1.0,4.0,1.0,1.0,1.0,1.0,1.0,3.155509591138336,1.0,0
107021.3029641198,2396963.0307760783,1.8664220458828416,1.0,1.0,1.0,1.0,6.0,1.0,1.0,1.0,1.0,0.0,4.280852118564792,1.0,0
528804.2076230833,4611906.8944698265,0.726782368594708,0.0,0.0,0.0,1.0,1.0,1.0,0.0,0.0,0.0,0.0,21.15216830492333,0.25,1
186327.99112904543,4027531.848226649,1.8012733995851504,1.0,1.0,1.0,1.0,4.0,1.0,1.0,1.0,1.0,0.0,7.453119645161817,1.0,0
72117.56541614168,693022.5023774459,0.8008017861511755,1.0,1.0,1.0,1.0,4.0,1.0,1.0,1.0,0.0,1.0,2.884702616645667,1.0,0
119611.14628176864,4540647.44455308,3.1634784784581944,1.0,0.0,0.0,1.0,5.0,1.0,0.0,1.0,1.0,1.0,4.784445851270745,0.5,0
46752.01410997033,251683.3755047833,0.448614140474555,1.0,1.0,1.0,0.0,6.0,1.0,1.0,1.0,1.0,1.0,1.8700805643988132,0.75,0
133194.5850178018,4136572.882684344,2.588051209771704,1.0,1.0,1.0,1.0,5.0,1.0,1.0,1.0,1.0,0.0,5.327783400712072,1.0,0
176580.82551061365,1158587.0942970382,0.5467690177886837,0.0,1.0,1.0,1.0,6.0,0.0,1.0,1.0,1.0,1.0,7.063233020424546,0.75,0
131175.1331169998,4784631.003698472,3.0395947832015846,0.0,1.0,0.0,1.0,3.0,1.0,1.0,1.0,0.0,1.0,5.247005324679991,0.5,0
28722.14689881775,3216178.0651022694,9.331295453041303,1.0,0.0,1.0,0.0,6.0,1.0,1.0,1.0,1.0,1.0,1.14888587595271,0.5,0
174705.60220192626,659069.3459508736,0.31437140425769683,1.0,1.0,1.0,1.0,4.0,1.0,1.0,1.0,0.0,1.0,6.98822408807705,1.0,0
116011.9037061169,1373084.7228506678,0.986310225492741,1.0,1.0,1.0,1.0,6.0,1.0,1.0,1.0,1.0,1.0,4.640476148244676,1.0,0
3708.3408459398947,15353500.001217848,345.02177296772635,0.0,1.0,0.0,1.0,2.0,0.0,0.0,0.0,0.0,0.0,0.1483336338375958,0.5,1
96817.0115312352,3340715.9942450305,2.8754554093069045,0.0,1.0,1.0,1.0,4.0,0.0,1.0,1.0,1.0,1.0,3.872680461249408,0.75,0
134525.48524999135,500454.19415921345,0.31001201075345786,1.0,1.0,1.0,1.0,5.0,1.0,1.0,1.0,0.0,1.0,5.381019409999654,1.0,0
191243.20719128943,1125008.7804988464,0.4902173158728917,1.0,1.0,1.0,1.0,3.0,1.0,1.0,1.0,1.0,1.0,7.649728287651577,1.0,0
137957.65178375435,2541452.8430909226,1.5351648436015441,1.0,1.0,1.0,1.0,5.0,1.0,1.0,1.0,1.0,1.0,5.518306071350174,1.0,0
64247.12915559796,1904716.699483557,2.470560065636795,1.0,0.0,1.0,1.0,5.0,1.0,1.0,1.0,1.0,0.0,2.5698851662239184,0.75,0
586928.5908489948,6314635.682446102,0.8965650138846751,0.0,1.0,0.0,1.0,2.0,0.0,0.0,1.0,0.0,1.0,23.47714363395979,0.5,1
109102.6510321634,3828938.825127421,2.9245690403363436,1.0,1.0,1.0,1.0,5.0,1.0,1.0,1.0,1.0,1.0,4.364106041286536,1.0,0
132004.49120106339,1994048.4834328366,1.2588261614495566,1.0,1.0,0.0,1.0,4.0,1.0,1.0,1.0,1.0,1.0,5.280179648042536,0.75,0
146650.29695832892,2000347.8405929632,1.1366881407005534,1.0,1.0,0.0,1.0,6.0,1.0,1.0,1.0,1.0,1.0,5.866011878333157,0.75,0
129033.35865758028,4289372.6958512245,2.770196237415152,1.0,1.0,1.0,1.0,5.0,1.0,1.0,1.0,1.0,1.0,5.161334346303211,1.0,0
178645.50607788717,3016986.0030446965,1.4073429876490189,1.0,1.0,1.0,1.0,4.0,1.0,1.0,1.0,1.0,1.0,7.1458202431154865,1.0,0
172370.811548749,1285279.758468311,0.6213734539895379,1.0,1.0,1.0,1.0,3.0,1.0,1.0,1.0,1.0,0.0,6.89483246194996,1.0,0
125958.17980961285,2847234.4626392378,1.8837167932396712,1.0,1.0,1.0,1.0,4.0,0.0,1.0,1.0,1.0,1.0,5.038327192384514,1.0,0
45958.373068368965,4714455.986932733,8.548416882815848,1.0,1.0,1.0,1.0,4.0,1.0,1.0,1.0,1.0,1.0,1.8383349227347585,1.0,0
118380.44567720372,3766943.6829621247,2.6517215050544993,1.0,1.0,1.0,1.0,3.0,1.0,0.0,1.0,0.0,0.0,4.735217827088149,1.0,0
122200.54848045981,4276092.984516789,2.9160350462751454,1.0,1.0,1.0,0.0,6.0,1.0,1.0,1.0,0.0,1.0,4.888021939218392,0.75,0
73990.9988352726,477987.21861035516,0.5383393770127207,1.0,1.0,0.0,0.0,1.0,0.0,0.0,1.0,1.0,0.0,2.959639953410904,0.5,1
40522.94340748473,1538095.233719796,3.1630131484059154,1.0,1.0,1.0,1.0,4.0,1.0,1.0,1.0,1.0,1.0,1.6209177362993892,1.0,0
112184.25037929932,3198182.5528244353,2.3756918804045246,1.0,1.0,1.0,1.0,5.0,1.0,1.0,0.0,1.0,1.0,4.487370015171973,1.0,0
197851.41820380552,2778227.995958245,1.1701659849852621,1.0,1.0,1.0,1.0,5.0,1.0,1.0,1.0,0.0,1.0,7.914056728152221,1.0,0
149085.59090391037,2901555.3174043684,1.6218621463304803,1.0,1.0,1.0,1.0,3.0,1.0,1.0,1.0,1.0,0.0,5.963423636156415,1.0,0
93018.52569565935,2326448.939343808,2.0842164880104543,1.0,1.0,1.0,1.0,6.0,1.0,1.0,1.0,0.0,1.0,3.720741027826374,1.0,0
104663.52608931522,4894774.795106789,3.8972306287880114,1.0,1.0,1.0,0.0,5.0,1.0,1.0,1.0,1.0,1.0,4.186541043572609,0.75,0
158137.38350795704,2609887.411982105,1.3753270279334797,1.0,1.0,0.0,1.0,6.0,1.0,1.0,1.0,1.0,1.0,6.325495340318282,0.75,0
68042.60246728893,702716.1461063536,0.860632555469176,1.0,1.0,1.0,0.0,6.0,1.0,1.0,1.0,1.0,1.0,2.7217040986915575,0.75,0
180750.9348180741,1011896.9474467589,0.46652453391422916,1.0,1.0,1.0,1.0,4.0,1.0,1.0,0.0,1.0,1.0,7.230037392722965,1.0,0
118970.52400634738,897228.7446619729,0.6284671155283412,1.0,1.0,1.0,1.0,3.0,1.0,1.0,1.0,1.0,1.0,4.758820960253895,1.0,0
125707.98112827881,2772616.160093837,1.8380006154001463,1.0,0.0,1.0,1.0,4.0,1.0,1.0,0.0,1.0,1.0,5.0283192451311525,0.75,0
90220.49047715495,2200639.9028335246,2.032649762815204,1.0,1.0,1.0,1.0,5.0,1.0,1.0,1.0,1.0,1.0,3.608819619086198,1.0,0
75231.67330560973,1829946.9188414817,2.0270129570380364,1.0,1.0,0.0,1.0,4.0,1.0,1.0,1.0,1.0,1.0,3.009266932224389,0.75,0
199452.99407304078,2096960.852058911,0.8761299296794848,1.0,1.0,1.0,0.0,6.0,1.0,1.0,1.0,1.0,1.0,7.978119762921631,0.75,0
188526.30469096501,890677.7251713801,0.3937017907710507,1.0,1.0,1.0,1.0,3.0,1.0,1.0,1.0,1.0,1.0,7.5410521876386,1.0,0
75706.5042599094,3335483.3265365567,3.67150678261127,1.0,0.0,1.0,1.0,4.0,1.0,1.0,1.0,1.0,1.0,3.028260170396376,0.75,0
31017.99119516322,3869593.978842565,10.396100858840619,1.0,1.0,1.0,0.0,5.0,1.0,1.0,1.0,0.0,0.0,1.2407196478065288,0.75,0
99743.86300959486,2698480.4529208755,2.254508340579389,1.0,1.0,1.0,1.0,3.0,1.0,1.0,1.0,1.0,1.0,3.9897545203837943,1.0,0
131125.08544042823,3754095.5353830373,2.385823380510824,1.0,1.0,1.0,1.0,5.0,1.0,1.0,1.0,1.0,1.0,5.245003417617129,1.0,0
189412.3147737331,159391.79575507704,0.07012558640721707,1.0,1.0,0.0,1.0,3.0,1.0,1.0,1.0,1.0,0.0,7.576492590949323,0.75,0
87678.47565574708,2655083.876313588,2.5235040645725033,1.0,1.0,1.0,1.0,3.0,1.0,1.0,1.0,1.0,1.0,3.507139026229883,1.0,0
38046.362643959896,1941852.5972142697,4.253259405693699,1.0,1.0,1.0,1.0,4.0,1.0,1.0,1.0,0.0,1.0,1.5218545057583959,1.0,0
7520.443368826271,14305142.91975824,158.51395786778448,0.0,1.0,1.0,0.0,2.0,1.0,1.0,0.0,0.0,0.0,0.30081773475305085,0.5,1
121289.64487734581,2118594.6656671,1.455602872370466,1.0,1.0,1.0,1.0,6.0,1.0,1.0,1.0,1.0,1.0,4.851585795093833,1.0,0
178534.3868416717,3829495.531511474,1.7874686959267014,1.0,1.0,1.0,1.0,5.0,1.0,1.0,1.0,0.0,1.0,7.1413754736668675,1.0,0
148028.31780665612,1757510.779373042,0.9894000944178439,1.0,1.0,1.0,1.0,6.0,1.0,1.0,1.0,1.0,1.0,5.921132712266245,1.0,0
39963.99289953191,755758.9786984964,1.5759164768613254,1.0,1.0,1.0,1.0,5.0,1.0,1.0,1.0,1.0,1.0,1.5985597159812766,1.0,0
188120.69943463217,2928667.243242343,1.2973351913797906,1.0,1.0,1.0,0.0,4.0,1.0,1.0,1.0,0.0,1.0,7.524827977385287,0.75,0
45976.43928339449,2953871.025215508,5.353957866347084,1.0,1.0,1.0,1.0,5.0,1.0,1.0,1.0,1.0,1.0,1.8390575713357795,1.0,0
176043.09952822886,288289.1099153925,0.13646710696034445,1.0,1.0,1.0,1.0,6.0,1.0,1.0,1.0,1.0,1.0,7.041723981129155,1.0,0
45825.106995514536,629148.014549438,1.1441108302831684,1.0,0.0,1.0,0.0,3.0,0.0,0.0,1.0,0.0,0.0,1.8330042798205815,0.5,1
149083.09580142572,2137298.0072642774,1.1946905604191231,1.0,1.0,1.0,0.0,5.0,1.0,1.0,1.0,1.0,0.0,5.9633238320570285,0.75,0
131080.561028904,269884.3069597683,0.1715766146923553,1.0,1.0,1.0,1.0,4.0,1.0,1.0,1.0,1.0,0.0,5.24322244115616,1.0,0
45364.11962995832,1035540.2668510532,1.9022748141374448,1.0,1.0,1.0,1.0,4.0,1.0,0.0,1.0,1.0,1.0,1.8145647851983326,1.0,0
38149.11180376653,1957560.8384924873,4.2761171141674605,1.0,1.0,1.0,0.0,4.0,1.0,1.0,1.0,1.0,0.0,1.525964472150661,0.75,0
171177.93672811665,4693201.525835883,2.284757805990955,1.0,1.0,1.0,1.0,4.0,1.0,1.0,1.0,1.0,1.0,6.847117469124666,1.0,0
193633.49599061924,1708144.4926856265,0.7351278437763936,1.0,1.0,1.0,1.0,4.0,1.0,1.0,1.0,1.0,1.0,7.745339839624769,1.0,0
197550.1861690024,2350399.466148748,0.9914777909219494,0.0,1.0,1.0,1.0,4.0,1.0,0.0,1.0,1.0,1.0,7.902007446760097,0.75,0
59261.14749462056,1225030.9876944465,1.7226449361357832,1.0,1.0,1.0,1.0,4.0,1.0,1.0,1.0,1.0,1.0,2.3704458997848223,1.0,0
123847.19832095788,476624.1688532012,0.320707139735477,1.0,1.0,1.0,0.0,4.0,1.0,1.0,1.0,0.0,0.0,4.953887932838315,0.75,0
103992.72925769321,107221.72822292594,0.08592085314383799,1.0,1.0,1.0,0.0,5.0,1.0,1.0,1.0,1.0,1.0,4.159709170307728,0.75,0
99819.67821274619,453213.2463934995,0.3783599707894968,1.0,1.0,1.0,1.0,3.0,1.0,1.0,1.0,1.0,1.0,3.9927871285098475,1.0,0
54310.434425992134,377550.2916114946,0.5793090155415955,0.0,1.0,0.0,0.0,1.0,1.0,0.0,1.0,1.0,0.0,2.1724173770396855,0.25,1
167904.901907526,1767896.810847078,0.8774296197641444,1.0,1.0,1.0,1.0,4.0,1.0,1.0,1.0,1.0,1.0,6.716196076301039,1.0,0
100303.53160740597,3503517.5935410983,2.9107629091715967,1.0,0.0,1.0,1.0,3.0,1.0,1.0,1.0,1.0,1.0,4.012141264296239,0.75,0
80012.29668835716,1830931.9016601143,1.9069276197127114,0.0,1.0,1.0,0.0,3.0,1.0,1.0,1.0,1.0,1.0,3.2004918675342866,0.5,0
39718.69107012455,3624832.749608877,7.6052203046527165,1.0,1.0,1.0,1.0,4.0,1.0,1.0,1.0,1.0,1.0,1.588747642804982,1.0,0
148700.035173333,3955826.5926509458,2.216894001874207,1.0,1.0,1.0,0.0,4.0,1.0,1.0,1.0,1.0,1.0,5.94800140693332,0.75,0
767753.5538220711,10084562.557873398,1.0945963180144094,1.0,1.0,0.0,0.0,1.0,0.0,0.0,1.0,1.0,1.0,30.71014215288284,0.5,1
139041.6944407799,3575672.059515787,2.143045457154055,1.0,1.0,1.0,1.0,3.0,1.0,0.0,1.0,1.0,0.0,5.561667777631196,1.0,0
158631.01397795815,4229288.320586719,2.221764108695657,1.0,1.0,1.0,1.0,4.0,1.0,1.0,1.0,1.0,1.0,6.345240559118326,1.0,0
1186.5584470938995,19860858.658306666,1394.8504255415855,0.0,1.0,0.0,0.0,1.0,0.0,0.0,1.0,1.0,0.0,0.04746233788375598,0.25,1
91609.07635840151,1171706.5036898437,1.0658573639451994,1.0,1.0,1.0,1.0,6.0,1.0,0.0,1.0,1.0,0.0,3.6643630543360604,1.0,0
106410.98214965068,2787253.898668457,2.182774310791698,1.0,1.0,1.0,1.0,6.0,1.0,1.0,1.0,1.0,1.0,4.256439285986027,1.0,0
68485.5994675315,3154689.1949812565,3.83862838746228,1.0,1.0,1.0,1.0,5.0,1.0,1.0,1.0,0.0,1.0,2.73942397870126,1.0,0
168342.90559298496,2081019.7615488586,1.0301492234052982,1.0,1.0,1.0,1.0,3.0,1.0,1.0,1.0,1.0,1.0,6.733716223719398,1.0,0
156357.5815371502,4128305.4869411048,2.2002480075668887,1.0,1.0,1.0,1.0,6.0,1.0,1.0,1.0,1.0,1.0,6.254303261486008,1.0,0
151429.12017076343,4044446.0984357717,2.225709127079243,1.0,0.0,1.0,0.0,3.0,1.0,1.0,1.0,1.0,1.0,6.057164806830538,0.5,0
126530.16461478315,4307944.9688124135,2.8372318581948472,0.0,1.0,1.0,1.0,6.0,1.0,1.0,1.0,1.0,1.0,5.061206584591326,0.75,0
147934.71469774412,1874953.6640962132,1.056183053409215,1.0,1.0,1.0,1.0,5.0,1.0,1.0,1.0,1.0,0.0,5.917388587909764,1.0,0
36871.48534340508,2106119.15190339,4.760044996578219,1.0,1.0,1.0,1.0,3.0,1.0,1.0,1.0,1.0,1.0,1.4748594137362032,1.0,0
57649.760305056276,3869193.424406855,5.592959687274855,1.0,1.0,0.0,1.0,5.0,1.0,1.0,1.0,1.0,1.0,2.305990412202251,0.75,0
36832.198628637605,1925413.041421799,4.356272304102876,1.0,1.0,1.0,1.0,5.0,1.0,0.0,1.0,1.0,1.0,1.473287945145504,1.0,0
116789.49317479457,2206662.279211726,1.5745296795870551,1.0,1.0,1.0,1.0,3.0,1.0,1.0,1.0,1.0,0.0,4.671579726991783,1.0,0
174276.65470678802,2226694.8942519887,1.0647318665057264,0.0,1.0,1.0,1.0,6.0,1.0,1.0,1.0,0.0,1.0,6.971066188271521,0.75,0
177058.37228377568,3556758.068389083,1.6740044646070082,1.0,1.0,1.0,1.0,5.0,1.0,1.0,1.0,1.0,0.0,7.082334891351027,1.0,0
55520.23443595157,600150.5822124025,0.9007985831795242,1.0,1.0,1.0,0.0,1.0,0.0,1.0,0.0,1.0,0.0,2.2208093774380626,0.75,1
159919.25649204818,304197.2129516829,0.15851604304597341,1.0,1.0,1.0,1.0,3.0,1.0,1.0,1.0,1.0,1.0,6.396770259681928,1.0,0
191054.9690193333,2187808.5810628203,0.9542666316979482,1.0,1.0,0.0,1.0,3.0,1.0,1.0,1.0,1.0,1.0,7.642198760773332,0.75,0
140122.9283055313,2562893.0888876393,1.5241932684155814,1.0,1.0,1.0,1.0,5.0,1.0,1.0,1.0,1.0,1.0,5.604917132221252,1.0,0
187854.16256268535,1420608.1252321359,0.6301910419286427,1.0,1.0,1.0,1.0,6.0,1.0,1.0,1.0,1.0,1.0,7.514166502507414,1.0,0
90845.42746791025,2521640.9915264696,2.3131241180861855,1.0,1.0,1.0,1.0,3.0,1.0,1.0,1.0,1.0,1.0,3.6338170987164102,1.0,0
170358.3963628526,1982612.893630421,0.9698244680817791,1.0,1.0,1.0,1.0,6.0,1.0,1.0,1.0,1.0,1.0,6.814335854514104,1.0,0
641207.8946009161,2434315.488427647,0.31637106427377326,0.0,1.0,0.0,1.0,2.0,0.0,0.0,1.0,0.0,0.0,25.648315784036644,0.5,1
182155.3460662477,109761.46257344431,0.050214219595072704,1.0,1.0,1.0,1.0,4.0,1.0,1.0,1.0,1.0,1.0,7.286213842649908,1.0,0
90544.52079828843,4832528.589650778,4.447654173369306,1.0,1.0,1.0,1.0,5.0,1.0,1.0,1.0,0.0,1.0,3.621780831931537,1.0,0
177381.23272268948,4343868.604697288,2.0407404145023587,1.0,1.0,1.0,1.0,3.0,1.0,1.0,1.0,1.0,1.0,7.095249308907579,1.0,0
194592.96027464198,4548704.089520135,1.9479567687941393,1.0,1.0,1.0,1.0,4.0,1.0,1.0,1.0,1.0,1.0,7.78371841098568,1.0,0
146803.60815941362,2436810.5216930527,1.3832598940886425,1.0,1.0,1.0,1.0,3.0,1.0,1.0,1.0,1.0,1.0,5.872144326376545,1.0,0
94579.019643489,4052798.246504222,3.5709102132984034,1.0,0.0,1.0,0.0,4.0,1.0,1.0,1.0,1.0,0.0,3.7831607857395597,0.5,0
82907.15434921361,2361239.5766611975,2.3733773793869557,1.0,1.0,1.0,0.0,3.0,1.0,1.0,1.0,1.0,1.0,3.3162861739685443,0.75,0
30810.544038489148,3620424.341880495,9.792168165325124,1.0,1.0,1.0,1.0,4.0,1.0,1.0,1.0,1.0,0.0,1.2324217615395658,1.0,0
44606.807879409156,1600936.144013242,2.990829240574745,1.0,1.0,1.0,1.0,3.0,1.0,1.0,1.0,1.0,1.0,1.7842723151763662,1.0,0
500000.0,919204.4793542026,0.15320074655903376,1.0,0.0,1.0,1.0,2.0,1.0,1.0,1.0,1.0,1.0,20.0,0.75,1
65767.90808188591,2933662.157159767,3.7171905502239033,1.0,1.0,1.0,1.0,4.0,1.0,0.0,1.0,1.0,1.0,2.6307163232754363,1.0,0
44360.553967161264,1215973.706905727,2.284262327227839,1.0,1.0,1.0,1.0,4.0,0.0,1.0,1.0,1.0,1.0,1.7744221586864506,1.0,0
56019.61129964812,543993.6491168921,0.8092309646810973,0.0,1.0,0.0,1.0,2.0,0.0,0.0,1.0,0.0,0.0,2.240784451985925,0.5,1
133177.25350567084,2244540.507926197,1.4044819021531965,1.0,1.0,1.0,1.0,4.0,1.0,1.0,1.0,0.0,1.0,5.327090140226834,1.0,0
65590.74182029569,2311341.1538433493,2.9365693613893447,0.0,1.0,1.0,1.0,3.0,1.0,1.0,1.0,1.0,0.0,2.623629672811828,0.75,0
92997.6677223105,4159922.4297397984,3.7276225411742385,1.0,1.0,1.0,1.0,3.0,1.0,1.0,1.0,1.0,1.0,3.7199067088924203,1.0,0
81008.68018035706,3986980.6171474466,4.101392394278887,1.0,1.0,0.0,1.0,6.0,0.0,1.0,1.0,0.0,1.0,3.240347207214282,0.75,0
746.1905556870818,5120789.324379218,571.881325012669,1.0,1.0,0.0,0.0,2.0,1.0,1.0,1.0,1.0,1.0,0.02984762222748327,0.5,1
136375.29367013642,1521223.1066159406,0.9295568779827672,1.0,1.0,1.0,1.0,4.0,1.0,1.0,1.0,1.0,1.0,5.455011746805457,1.0,0
70094.5054894624,978886.9418598312,1.1637704161264957,1.0,1.0,1.0,0.0,4.0,1.0,0.0,1.0,0.0,1.0,2.803780219578496,0.75,0
183824.1329370663,1813545.8257546627,0.8221380751167681,1.0,0.0,1.0,1.0,3.0,1.0,1.0,1.0,1.0,0.0,7.352965317482651,0.75,0
159661.26330858897,3557370.7269547405,1.8567281407926475,1.0,0.0,1.0,0.0,3.0,1.0,1.0,1.0,1.0,1.0,6.3864505323435585,0.5,0
177419.59665556496,4180868.8462625286,1.9637387512774278,1.0,1.0,1.0,1.0,5.0,1.0,1.0,1.0,1.0,1.0,7.096783866222599,1.0,0
85610.54901404321,1132454.3229492954,1.1023313676405426,1.0,1.0,0.0,1.0,3.0,1.0,1.0,1.0,1.0,0.0,3.4244219605617285,0.75,0
170029.06410158763,580604.6458427985,0.28456147037304136,1.0,1.0,0.0,1.0,3.0,1.0,1.0,1.0,1.0,1.0,6.801162564063505,0.75,0
61733.47879172751,4060352.529045189,5.481024516621076,1.0,1.0,1.0,0.0,6.0,1.0,1.0,1.0,0.0,1.0,2.4693391516691006,0.75,0
151920.09057264889,1508562.1579965255,0.8274976186000913,1.0,1.0,0.0,1.0,3.0,1.0,1.0,1.0,1.0,1.0,6.076803622905955,0.75,0
89350.26553540086,1841915.7511626512,1.7178793856268937,1.0,0.0,1.0,1.0,3.0,1.0,1.0,1.0,1.0,1.0,3.5740106214160345,0.75,0
31455.21578704324,1279394.2879792743,3.389459839879908,1.0,1.0,1.0,1.0,4.0,1.0,1.0,1.0,1.0,1.0,1.2582086314817296,1.0,0
198454.5095739709,4762006.0707729785,1.999621173048566,1.0,1.0,1.0,1.0,3.0,1.0,1.0,1.0,1.0,1.0,7.938180382958835,1.0,0
144526.18534786245,4401367.382945,2.5378142677924167,1.0,1.0,1.0,1.0,3.0,1.0,1.0,1.0,1.0,1.0,5.781047413914498,1.0,0
80327.31837093135,1426951.0073811656,1.4803504755296581,1.0,1.0,1.0,1.0,5.0,1.0,1.0,1.0,0.0,1.0,3.2130927348372538,1.0,0
143652.8266978361,4600289.517512502,2.66863847099281,1.0,1.0,0.0,1.0,4.0,0.0,1.0,1.0,1.0,0.0,5.746113067913444,0.75,0
708768.6995443621,4985955.464707281,0.5862226830737758,0.0,0.0,0.0,0.0,2.0,1.0,1.0,0.0,0.0,1.0,28.350747981774486,0.0,1
130603.50384174113,1836682.2490859688,1.1719199683644332,1.0,1.0,1.0,1.0,5.0,1.0,1.0,1.0,0.0,1.0,5.224140153669645,1.0,0
81590.02337021613,4986193.534124457,5.092732060613504,1.0,1.0,0.0,1.0,3.0,1.0,1.0,1.0,1.0,1.0,3.2636009348086454,0.75,0
146621.83007214495,1964536.7783624833,1.1165554141311684,1.0,1.0,1.0,1.0,4.0,1.0,1.0,1.0,0.0,1.0,5.864873202885798,1.0,0
148912.70111430797,3285985.3527509514,1.838876809568095,1.0,0.0,1.0,1.0,6.0,1.0,1.0,1.0,1.0,1.0,5.956508044572319,0.75,0
39612.62542226703,4158421.33694237,8.748097550158088,1.0,1.0,1.0,1.0,4.0,0.0,1.0,1.0,1.0,1.0,1.5845050168906814,1.0,0
69562.11458365867,4941376.2341624005,5.919620979198945,1.0,1.0,1.0,1.0,5.0,1.0,0.0,1.0,1.0,1.0,2.7824845833463465,1.0,0
122440.22093021128,4672255.3235834325,3.179956776789422,1.0,1.0,1.0,0.0,3.0,1.0,1.0,1.0,0.0,1.0,4.897608837208451,0.75,0
28449.344107013727,2565111.3588211983,7.51368042432541,1.0,0.0,1.0,1.0,3.0,1.0,1.0,1.0,1.0,1.0,1.137973764280549,0.75,0
166196.0793717712,1964058.0367870554,0.9848096518538448,0.0,1.0,1.0,1.0,4.0,1.0,1.0,1.0,1.0,1.0,6.6478431748708475,0.75,0
70399.10085047618,3564184.788533009,4.219022621826688,1.0,1.0,1.0,1.0,3.0,1.0,1.0,1.0,1.0,1.0,2.8159640340190473,1.0,0
99412.36328211585,1948858.464419645,1.633648639597192,1.0,1.0,0.0,0.0,3.0,1.0,0.0,1.0,1.0,1.0,3.9764945312846343,0.5,0
4446.674708387162,13156852.84894808,246.56726115157628,0.0,1.0,0.0,1.0,2.0,0.0,0.0,1.0,0.0,1.0,0.1778669883354865,0.5,1
62293.32320438958,484433.49995390733,0.6480543379751426,1.0,1.0,1.0,1.0,5.0,1.0,1.0,1.0,1.0,1.0,2.491732928175583,1.0,0
45567.093185993355,3290623.165920203,6.017908494639452,1.0,1.0,1.0,1.0,6.0,1.0,1.0,1.0,1.0,1.0,1.8226837274397343,1.0,0
76040.95127412806,2531667.8891235716,2.774456665239162,1.0,1.0,1.0,1.0,6.0,0.0,1.0,1.0,1.0,1.0,3.0416380509651226,1.0,0
5982.529305170519,13636428.255743468,189.9479239207113,0.0,0.0,1.0,0.0,1.0,0.0,0.0,1.0,0.0,0.0,0.23930117220682076,0.25,1
26117.527550445877,1484230.7232669762,4.735742821240741,1.0,1.0,1.0,1.0,3.0,1.0,1.0,0.0,0.0,1.0,1.0447011020178352,1.0,0
54099.5895323139,1138770.8680234244,1.7541274001460339,1.0,1.0,0.0,1.0,5.0,1.0,0.0,1.0,1.0,1.0,2.163983581292556,0.75,0
118816.86411022107,642530.9072989468,0.45064513927283617,1.0,1.0,1.0,1.0,6.0,1.0,1.0,1.0,1.0,0.0,4.752674564408843,1.0,0
90965.27514935883,855310.7115745868,0.783550563818835,1.0,1.0,1.0,1.0,6.0,1.0,1.0,1.0,1.0,1.0,3.638611005974353,1.0,0
680167.6962605327,1360031.7617837545,0.16662946619157548,0.0,1.0,0.0,0.0,1.0,0.0,1.0,0.0,1.0,0.0,27.20670785042131,0.25,1
175812.48367736553,4037065.442154735,1.9135280563860948,1.0,0.0,1.0,1.0,6.0,1.0,1.0,1.0,1.0,1.0,7.032499347094621,0.75,0
167550.57604049187,4150866.0627332884,2.0644841301182946,1.0,1.0,1.0,1.0,6.0,1.0,1.0,1.0,1.0,1.0,6.702023041619674,1.0,0
47602.89765151162,1273599.8325567367,2.2295558593239924,1.0,1.0,1.0,1.0,4.0,1.0,1.0,1.0,1.0,1.0,1.9041159060604649,1.0,0
29302.710380290264,3851179.077527718,10.952283445078278,1.0,1.0,1.0,1.0,3.0,1.0,1.0,1.0,1.0,1.0,1.1721084152116106,1.0,0
126716.68874895715,224694.0235381793,0.14776666077986542,1.0,0.0,1.0,0.0,5.0,1.0,1.0,1.0,1.0,1.0,5.0686675499582865,0.5,0
54707.63339031963,2055273.0564479302,3.1306920824379953,1.0,1.0,1.0,0.0,3.0,1.0,1.0,1.0,1.0,1.0,2.1883053356127853,0.75,0
102928.41962546646,4738995.2717246385,3.836804976514087,1.0,1.0,1.0,1.0,4.0,1.0,1.0,1.0,1.0,1.0,4.117136785018658,1.0,0
178760.24761215266,1849893.6805724637,0.8623718571303427,1.0,1.0,1.0,1.0,5.0,1.0,1.0,1.0,1.0,1.0,7.150409904486106,1.0,0
129347.22873435928,2421668.1591499383,1.5601855710694068,1.0,1.0,1.0,0.0,4.0,1.0,1.0,1.0,1.0,1.0,5.173889149374371,0.75,0
41527.51813228747,1103918.2433384915,2.2152344055772017,1.0,1.0,1.0,1.0,4.0,0.0,1.0,1.0,1.0,1.0,1.6611007252914989,1.0,0
53119.24032042224,2837347.742607084,4.451224147615549,0.0,1.0,1.0,1.0,3.0,1.0,0.0,1.0,1.0,1.0,2.12476961281689,0.75,0
69935.89935108888,4465192.121417419,5.320577084216164,1.0,1.0,1.0,1.0,4.0,1.0,1.0,1.0,1.0,1.0,2.7974359740435553,1.0,0
127510.72672285608,2117651.1537640914,1.38396928647344,1.0,1.0,1.0,1.0,5.0,1.0,1.0,1.0,1.0,1.0,5.100429068914243,1.0,0
76996.30023405563,3293034.8263386553,3.56406175397215,1.0,1.0,1.0,0.0,3.0,1.0,1.0,1.0,1.0,1.0,3.079852009362225,0.75,0
85496.7988631859,829100.2500850667,0.8081201685416447,1.0,0.0,1.0,1.0,3.0,1.0,1.0,1.0,1.0,1.0,3.4198719545274363,0.75,0
178510.09464229396,2008461.2850218597,0.9376039718493694,1.0,1.0,1.0,1.0,3.0,1.0,0.0,1.0,1.0,1.0,7.140403785691759,1.0,0
146850.53577867447,3947428.761427201,2.240049006572098,1.0,1.0,1.0,1.0,6.0,1.0,1.0,1.0,1.0,1.0,5.8740214311469785,1.0,0
141142.4539384634,3259679.7597093377,1.9245802548835536,1.0,0.0,1.0,1.0,4.0,1.0,1.0,1.0,1.0,0.0,5.645698157538536,0.75,0
110027.55785760698,912166.0671295815,0.6908618205071771,1.0,1.0,1.0,1.0,6.0,1.0,1.0,1.0,1.0,1.0,4.401102314304279,1.0,0
94330.22103161969,1848741.27833844,1.633217557533637,1.0,1.0,1.0,1.0,4.0,1.0,1.0,1.0,1.0,1.0,3.7732088412647875,1.0,0
42748.644978612894,193731.93554270634,0.3776570688958489,1.0,1.0,1.0,1.0,3.0,1.0,1.0,1.0,1.0,1.0,1.7099457991445157,1.0,0
66570.2229030073,1608199.5752356537,2.0131618225899555,1.0,1.0,0.0,1.0,5.0,1.0,1.0,1.0,1.0,1.0,2.662808916120292,0.75,0
116167.64602260738,3198717.4892090983,2.294613000211347,1.0,1.0,1.0,0.0,5.0,1.0,1.0,1.0,1.0,1.0,4.646705840904295,0.75,0
45528.933068419035,3600200.515101488,6.589583576248926,1.0,1.0,0.0,1.0,6.0,1.0,1.0,1.0,1.0,1.0,1.8211573227367615,0.75,0
50615.4486283936,1693924.0299725642,2.7888784878192445,1.0,1.0,0.0,0.0,3.0,1.0,1.0,0.0,1.0,1.0,2.024617945135744,0.5,0
6933.970262725346,12401625.508438487,149.04430697164204,1.0,1.0,0.0,1.0,2.0,1.0,1.0,0.0,1.0,0.0,0.27735881050901384,0.75,1
176262.6937219365,3925095.41538523,1.8557034259980123,1.0,1.0,1.0,1.0,6.0,1.0,1.0,1.0,1.0,1.0,7.050507748877459,1.0,0
56245.31585950838,3161440.927668072,4.684006243241119,1.0,1.0,1.0,0.0,3.0,1.0,1.0,1.0,1.0,0.0,2.2498126343803353,0.75,0
45277.085416897695,4220270.739187021,7.767488234442149,1.0,1.0,1.0,1.0,5.0,1.0,1.0,1.0,1.0,1.0,1.8110834166759078,1.0,0
135567.36722791696,4473535.314683725,2.749884556880357,1.0,1.0,1.0,1.0,4.0,1.0,1.0,1.0,1.0,1.0,5.422694689116678,1.0,0
177231.86336087246,3170303.30435673,1.490657137039689,1.0,1.0,1.0,1.0,4.0,1.0,1.0,1.0,1.0,1.0,7.089274534434899,1.0,0
115599.5375923245,4838472.848755117,3.48795574037283,1.0,1.0,1.0,1.0,3.0,1.0,1.0,1.0,1.0,1.0,4.62398150369298,1.0,0
181933.9493096244,4243461.378650543,1.9436822148701915,1.0,1.0,1.0,0.0,3.0,1.0,1.0,1.0,1.0,1.0,7.277357972384976,0.75,0
131808.41207941071,3077988.1471686973,1.9459988040029264,1.0,1.0,1.0,0.0,6.0,1.0,1.0,1.0,1.0,1.0,5.272336483176429,0.75,0
59297.00092335041,2490484.815239176,3.5000151447491596,1.0,1.0,1.0,1.0,3.0,1.0,1.0,1.0,1.0,1.0,2.3718800369340163,1.0,0
84082.65499563489,3765558.5792047074,3.7320009493438278,1.0,1.0,1.0,1.0,3.0,1.0,1.0,1.0,1.0,1.0,3.3633061998253955,1.0,0
169319.1690369011,2023045.1125244522,0.9956763529451853,1.0,1.0,1.0,1.0,3.0,1.0,1.0,1.0,1.0,1.0,6.772766761476044,1.0,0
116995.78190297002,918070.1348612737,0.6539196826362734,1.0,1.0,1.0,1.0,4.0,1.0,1.0,1.0,0.0,1.0,4.679831276118801,1.0,0
48191.81772982347,265014.3789848737,0.4582630957372212,1.0,1.0,1.0,1.0,5.0,1.0,1.0,1.0,1.0,1.0,1.9276727091929389,1.0,0
94679.52137841508,1857706.074543366,1.635082616509441,1.0,1.0,1.0,1.0,5.0,1.0,1.0,1.0,0.0,1.0,3.7871808551366035,1.0,0
146394.3895117605,1199038.0680967208,0.6825387184666191,1.0,1.0,1.0,1.0,6.0,1.0,1.0,1.0,1.0,1.0,5.85577558047042,1.0,0
144827.95519692887,3725530.191757959,2.143652783684035,1.0,1.0,1.0,1.0,3.0,1.0,1.0,1.0,0.0,1.0,5.793118207877155,1.0,0
1861.0056193924152,5933340.4306826405,265.6870192856524,1.0,1.0,1.0,0.0,2.0,0.0,1.0,1.0,0.0,1.0,0.0744402247756966,0.75,1
32928.201710107794,3568391.9764258666,9.030739080543473,1.0,1.0,1.0,1.0,6.0,1.0,1.0,1.0,1.0,1.0,1.3171280684043118,1.0,0
74356.05019997864,616821.1297874899,0.6912922442407912,1.0,1.0,1.0,1.0,6.0,1.0,1.0,1.0,1.0,1.0,2.9742420079991456,1.0,0
190246.63559485093,2050225.9354770638,0.8980561509303213,1.0,1.0,1.0,1.0,4.0,1.0,1.0,1.0,1.0,0.0,7.609865423794037,1.0,0
141914.89889986307,800092.2105631174,0.4698192465845749,1.0,1.0,0.0,1.0,5.0,0.0,1.0,1.0,1.0,1.0,5.6765959559945225,0.75,0
154062.71841920598,143430.0970559976,0.07758209260904331,1.0,1.0,0.0,1.0,5.0,1.0,0.0,1.0,1.0,1.0,6.162508736768239,0.75,0
100000.0,2279343.693167868,1.8994530776398901,1.0,0.0,0.0,0.0,1.0,1.0,1.0,1.0,0.0,1.0,4.0,0.25,1
198768.83932087757,4201501.513690406,1.7614688868593298,1.0,1.0,1.0,1.0,4.0,1.0,1.0,1.0,1.0,1.0,7.950753572835103,1.0,0
124227.84567266687,3310351.2011692566,2.220618079655989,1.0,1.0,1.0,1.0,5.0,1.0,1.0,1.0,1.0,1.0,4.969113826906675,1.0,0
171670.1756884193,3365668.932881495,1.6337864742593045,1.0,1.0,1.0,1.0,6.0,1.0,1.0,1.0,1.0,1.0,6.866807027536772,1.0,0
93408.54928346506,998866.762376829,0.8911271773650219,1.0,1.0,1.0,1.0,5.0,1.0,1.0,1.0,1.0,1.0,3.736341971338603,1.0,0
127697.19565365385,3101609.994889614,2.0240655893114665,1.0,1.0,1.0,1.0,5.0,1.0,1.0,1.0,1.0,1.0,5.107887826146154,1.0,0
114616.28520237417,2578678.195463962,1.8748631509263534,1.0,1.0,1.0,1.0,3.0,1.0,1.0,1.0,0.0,1.0,4.584651408094967,1.0,0
176776.4851679654,1857034.4614718785,0.8754154809803107,1.0,1.0,1.0,1.0,6.0,1.0,1.0,1.0,1.0,1.0,7.071059406718616,1.0,0
144740.77963962744,1902020.819298719,1.095073104733816,1.0,1.0,1.0,1.0,4.0,1.0,1.0,1.0,1.0,1.0,5.7896311855850975,1.0,0
97072.159975772,234929.92736038088,0.20167980141355366,1.0,1.0,1.0,1.0,4.0,1.0,1.0,1.0,1.0,1.0,3.88288639903088,1.0,0
45928.993039202796,835828.1040035042,1.5165222965119243,1.0,1.0,1.0,0.0,5.0,1.0,1.0,1.0,1.0,1.0,1.837159721568112,0.75,0
48577.06122247943,484158.5100060604,0.8305677923932201,0.0,0.0,1.0,0.0,2.0,1.0,0.0,1.0,0.0,1.0,1.9430824488991774,0.25,1
159821.29811636382,367708.65800476423,0.19172906570157727,1.0,1.0,1.0,1.0,5.0,1.0,1.0,1.0,1.0,0.0,6.392851924654552,1.0,0
52326.70453908331,3238332.6066616355,5.157233824147563,1.0,0.0,1.0,1.0,5.0,1.0,1.0,1.0,1.0,1.0,2.0930681815633325,0.75,0
126268.19650016885,2466894.518038561,1.6280785571337848,1.0,0.0,1.0,0.0,5.0,1.0,1.0,1.0,1.0,1.0,5.050727860006754,0.5,0
500000.0,3396286.041340962,0.5660476735568271,1.0,1.0,0.0,0.0,2.0,0.0,0.0,1.0,1.0,0.0,20.0,0.5,1
114720.489427889,1371754.7375628427,0.9964470633535638,1.0,0.0,1.0,1.0,6.0,1.0,1.0,1.0,1.0,0.0,4.58881957711556,0.75,0
156725.41192258723,2579193.747901165,1.3713973355594735,1.0,1.0,1.0,1.0,6.0,1.0,1.0,1.0,1.0,1.0,6.269016476903489,1.0,0
530052.2019894228,12959558.849984784,2.0374658070381577,1.0,1.0,0.0,0.0,2.0,0.0,0.0,0.0,1.0,0.0,21.20208807957691,0.5,1
33614.31162751584,160359.0656872381,0.39754660520841006,0.0,1.0,0.0,0.0,2.0,0.0,0.0,0.0,0.0,0.0,1.3445724651006337,0.25,1
197586.8802839305,1963962.6899550073,0.8283118659552072,1.0,1.0,1.0,0.0,4.0,0.0,1.0,1.0,1.0,1.0,7.903475211357221,0.75,0
107980.42009028191,1204052.956761052,0.9292216710479771,1.0,1.0,1.0,0.0,6.0,0.0,1.0,1.0,0.0,1.0,4.319216803611276,0.75,0
77668.62421569283,4073305.0469388003,4.370388823963696,1.0,0.0,1.0,1.0,3.0,1.0,1.0,1.0,1.0,0.0,3.1067449686277135,0.75,0
128672.54955085744,4088454.320579492,2.647841578520174,1.0,1.0,1.0,1.0,3.0,1.0,1.0,1.0,1.0,1.0,5.146901982034297,1.0,0
144087.3778630748,4257284.357543571,2.46221217794041,1.0,1.0,1.0,1.0,5.0,1.0,1.0,1.0,0.0,1.0,5.763495114522992,1.0,0
148686.012954953,2224555.68389981,1.246786006570424,1.0,1.0,1.0,1.0,5.0,1.0,1.0,1.0,1.0,1.0,5.94744051819812,1.0,0
760373.4716106467,2854006.264668741,0.3127855774416678,1.0,0.0,1.0,1.0,1.0,1.0,1.0,0.0,0.0,1.0,30.414938864425867,0.75,1
26924.270015234084,1864247.2829147938,5.7700335108435,1.0,1.0,1.0,1.0,3.0,1.0,1.0,1.0,0.0,1.0,1.0769708006093635,1.0,0
128406.26505794232,3657301.558927948,2.373522271464986,1.0,1.0,1.0,0.0,3.0,1.0,1.0,1.0,1.0,1.0,5.136250602317693,0.75,0
141165.7923338159,1367687.0465616607,0.8073763385770543,1.0,1.0,1.0,0.0,5.0,1.0,1.0,1.0,0.0,1.0,5.646631693352636,0.75,0
194553.624674996,1484114.8892130181,0.6356922980713109,1.0,1.0,1.0,1.0,3.0,1.0,1.0,1.0,1.0,1.0,7.782144986999841,1.0,0
46907.51363544633,2362409.1046842835,4.196927317878372,1.0,1.0,1.0,1.0,3.0,1.0,1.0,1.0,1.0,1.0,1.8763005454178532,1.0,0
81758.40679519073,140982.04119659978,0.14369780299756357,1.0,1.0,1.0,1.0,5.0,1.0,1.0,1.0,1.0,1.0,3.270336271807629,1.0,0
134226.05887359846,1309436.959089321,0.8129550066990756,1.0,0.0,1.0,1.0,6.0,1.0,1.0,1.0,0.0,1.0,5.3690423549439386,0.75,0
133523.2046152689,4545255.650458566,2.836745158238709,1.0,1.0,1.0,1.0,5.0,1.0,1.0,1.0,1.0,1.0,5.340928184610757,1.0,0
185022.09053686797,356539.5989186148,0.1605842478430838,0.0,1.0,1.0,1.0,5.0,1.0,1.0,1.0,1.0,1.0,7.400883621474718,0.75,0
57626.69587524454,3149481.996624506,4.5544313979103075,1.0,1.0,1.0,1.0,3.0,1.0,1.0,1.0,1.0,1.0,2.3050678350097815,1.0,0
65251.546525348036,383437.802291087,0.48969184475208094,1.0,1.0,1.0,1.0,4.0,1.0,1.0,1.0,1.0,1.0,2.6100618610139215,1.0,0
47553.95133436361,1723600.3348049487,3.020429579527976,1.0,1.0,0.0,0.0,5.0,1.0,1.0,1.0,1.0,1.0,1.9021580533745446,0.5,0
45457.15712396371,1424213.691440838,2.6109084200553627,1.0,1.0,0.0,1.0,4.0,1.0,1.0,1.0,1.0,1.0,1.8182862849585486,0.75,0
88539.40186976115,425574.8373432969,0.4005512690358516,1.0,1.0,1.0,1.0,4.0,0.0,1.0,1.0,0.0,1.0,3.541576074790446,1.0,0
59167.52286465779,3414692.8924091747,4.8093570130527,1.0,0.0,1.0,1.0,6.0,1.0,1.0,1.0,0.0,1.0,2.3667009145863114,0.75,0
141409.51362183504,4921664.499731275,2.9003614948266825,1.0,1.0,1.0,0.0,3.0,1.0,1.0,1.0,1.0,1.0,5.656380544873402,0.75,0
76516.57165982274,515876.1441624071,0.5618348776958283,0.0,1.0,0.0,1.0,3.0,1.0,0.0,0.0,1.0,1.0,3.0606628663929096,0.5,1
141359.55178526317,932416.929648603,0.5496721645105744,1.0,0.0,1.0,1.0,6.0,1.0,1.0,1.0,1.0,1.0,5.654382071410527,0.75,0
52755.8934262879,1182178.6365187438,1.867372154624012,1.0,1.0,1.0,0.0,3.0,1.0,1.0,1.0,1.0,1.0,2.1102357370515157,0.75,0
161917.45971019784,2107388.161542364,1.0846000205465782,1.0,1.0,1.0,1.0,3.0,1.0,1.0,1.0,1.0,0.0,6.476698388407914,1.0,0
197660.27151779822,3690394.0264522093,1.5558656940830544,1.0,1.0,1.0,1.0,6.0,1.0,1.0,1.0,1.0,1.0,7.906410860711929,1.0,0
118769.84478278922,2638239.5253826617,1.8510868157145821,1.0,1.0,0.0,0.0,5.0,1.0,1.0,1.0,1.0,1.0,4.750793791311569,0.5,0
55043.87502345311,3593925.6481081615,5.441001453502412,1.0,1.0,1.0,1.0,6.0,1.0,1.0,1.0,1.0,0.0,2.2017550009381246,1.0,0
199496.78752759946,1589318.310049634,0.6638863419583299,1.0,1.0,1.0,1.0,5.0,1.0,1.0,1.0,1.0,0.0,7.979871501103978,1.0,0
154076.902778056,4793877.193178175,2.5927946297936453,1.0,1.0,0.0,1.0,5.0,1.0,1.0,1.0,1.0,1.0,6.1630761111222405,0.75,0
65039.67896103393,953135.7431370133,1.2212234110555402,1.0,1.0,1.0,1.0,6.0,1.0,1.0,1.0,1.0,1.0,2.6015871584413572,1.0,0
124279.63843505812,2750434.518806596,1.8442512341793258,1.0,1.0,1.0,1.0,4.0,1.0,1.0,0.0,0.0,1.0,4.971185537402325,1.0,0
183227.77153640598,1263423.9950365508,0.5746144923167019,1.0,1.0,1.0,1.0,4.0,1.0,1.0,1.0,1.0,1.0,7.32911086145624,1.0,0
113806.85340814633,3818003.643410893,2.7956749594261834,1.0,1.0,1.0,1.0,5.0,1.0,1.0,1.0,1.0,1.0,4.552274136325853,1.0,0
135950.99804243198,3923790.9647337203,2.405150275486918,1.0,1.0,1.0,1.0,6.0,1.0,1.0,1.0,1.0,1.0,5.438039921697279,1.0,0
151396.71307474037,4130420.492482564,2.273508458119282,1.0,1.0,1.0,0.0,4.0,1.0,1.0,1.0,1.0,1.0,6.0558685229896145,0.75,0
182503.2623234184,2551965.613979986,1.1652602723787602,1.0,1.0,1.0,1.0,5.0,1.0,1.0,1.0,1.0,0.0,7.300130492936736,1.0,0
177267.30293266271,4074506.4726740075,1.9154249003559713,1.0,1.0,1.0,1.0,5.0,1.0,1.0,1.0,1.0,1.0,7.090692117306508,1.0,0
101757.69835817833,1415815.404731276,1.1594662513458587,1.0,1.0,1.0,1.0,5.0,1.0,1.0,1.0,0.0,1.0,4.070307934327134,1.0,0
702263.3739061339,9812975.675359547,1.1644462794608605,0.0,0.0,0.0,0.0,2.0,0.0,0.0,1.0,0.0,0.0,28.090534956245357,0.0,1
146209.5416395788,4487195.83685053,2.5575142511970466,1.0,1.0,1.0,1.0,6.0,1.0,1.0,1.0,1.0,1.0,5.848381665583152,1.0,0
164985.31494030813,2970737.463422244,1.5005060018508616,1.0,1.0,1.0,1.0,6.0,1.0,1.0,1.0,1.0,1.0,6.599412597612325,1.0,0
176909.9207688038,1396711.631934251,0.6579203443690962,1.0,1.0,1.0,1.0,4.0,1.0,1.0,1.0,1.0,1.0,7.076396830752152,1.0,0
36738.38354297481,1809220.6164504488,4.103838279325556,1.0,1.0,1.0,1.0,4.0,1.0,1.0,0.0,1.0,1.0,1.4695353417189922,1.0,0
87795.33472161293,4809563.878497206,4.5651285588880075,1.0,1.0,1.0,1.0,5.0,1.0,1.0,1.0,1.0,1.0,3.5118133888645175,1.0,0
193879.7093666397,291080.46161706676,0.1251121389339639,1.0,1.0,1.0,0.0,5.0,1.0,1.0,1.0,1.0,1.0,7.755188374665588,0.75,0
44459.55940357648,593123.6447653132,1.1117287499059958,1.0,1.0,1.0,1.0,5.0,1.0,1.0,1.0,1.0,1.0,1.7783823761430593,1.0,0
178540.2875873922,2902174.129013214,1.3545841521401962,1.0,1.0,1.0,1.0,6.0,0.0,0.0,1.0,1.0,1.0,7.141611503495688,1.0,0
152576.2544071728,1645493.7891652624,0.8987275442252051,1.0,1.0,1.0,1.0,6.0,1.0,1.0,1.0,0.0,1.0,6.103050176286912,1.0,0
78466.75436515412,1975713.9457383004,2.09824950889826,1.0,1.0,1.0,1.0,5.0,1.0,1.0,1.0,1.0,0.0,3.138670174606165,1.0,0
167239.92427006294,2408722.704770792,1.2002330958969711,1.0,1.0,1.0,1.0,6.0,1.0,1.0,1.0,1.0,1.0,6.689596970802517,1.0,0
187882.53198062384,3984986.653265813,1.7674991794326667,1.0,1.0,1.0,1.0,6.0,1.0,1.0,1.0,1.0,1.0,7.515301279224953,1.0,0
145914.10416793154,2992703.683247987,1.7091697545356919,1.0,1.0,1.0,1.0,4.0,1.0,1.0,1.0,1.0,1.0,5.836564166717261,1.0,0
80781.68801311223,1059582.112257923,1.0930510555869368,1.0,1.0,1.0,1.0,3.0,1.0,1.0,1.0,1.0,1.0,3.231267520524489,1.0,0
7353.6764973252675,16602218.050678128,188.1396565912394,1.0,0.0,0.0,0.0,3.0,0.0,0.0,1.0,0.0,0.0,0.2941470598930107,0.25,1
54333.362850455596,3767083.313413534,5.777732004462071,1.0,1.0,1.0,1.0,5.0,1.0,1.0,1.0,1.0,1.0,2.1733345140182236,1.0,0
53616.677702378984,3709022.6188404835,5.764721565786102,1.0,1.0,1.0,1.0,3.0,0.0,1.0,1.0,1.0,1.0,2.144667108095159,1.0,0
107943.28704600266,137553.75998120412,0.1061929245019364,1.0,1.0,1.0,0.0,4.0,1.0,1.0,1.0,1.0,1.0,4.317731481840107,0.75,0
72486.08056043179,4237349.705424119,4.87145218394888,1.0,1.0,0.0,0.0,3.0,1.0,1.0,1.0,1.0,1.0,2.8994432224172715,0.5,0
54309.4518953372,870638.7200806052,1.3359226458997444,1.0,1.0,1.0,0.0,4.0,1.0,1.0,1.0,1.0,1.0,2.172378075813488,0.75,0
137699.92006682776,1675328.9361146216,1.0138767299825835,1.0,1.0,0.0,1.0,3.0,1.0,1.0,1.0,1.0,0.0,5.5079968026731105,0.75,0
103521.38395894287,3967534.9567664596,3.1938127217754393,1.0,1.0,1.0,0.0,4.0,1.0,1.0,1.0,1.0,1.0,4.140855358357714,0.75,0
200000.0,1466186.75086079,0.6109111461919958,1.0,1.0,0.0,0.0,2.0,0.0,1.0,0.0,0.0,1.0,8.0,0.5,1
147844.2035200981,4376378.227374549,2.4667736504459463,1.0,1.0,1.0,1.0,4.0,1.0,1.0,1.0,1.0,1.0,5.913768140803923,1.0,0
78307.40960533987,2303944.7792244805,2.451816491393866,1.0,1.0,1.0,1.0,3.0,1.0,1.0,1.0,1.0,1.0,3.132296384213595,1.0,0
42382.50492373024,663728.5970928151,1.3050365126822043,1.0,0.0,1.0,1.0,2.0,1.0,1.0,1.0,0.0,1.0,1.6953001969492094,0.75,1
131010.59338745526,1545699.4675053656,0.9831898751716847,1.0,0.0,0.0,1.0,4.0,1.0,1.0,1.0,0.0,0.0,5.240423735498211,0.5,0
43767.24250692221,317100.81259845704,0.6037635958527365,1.0,1.0,1.0,0.0,2.0,1.0,0.0,1.0,0.0,1.0,1.7506897002768884,0.75,1
176924.89451606345,1417382.2204727482,0.6676007091171203,1.0,1.0,1.0,1.0,4.0,1.0,1.0,1.0,1.0,0.0,7.076995780642537,1.0,0
33999.51735974381,384650.56519371393,0.9427843762304619,1.0,1.0,1.0,0.0,6.0,1.0,1.0,1.0,1.0,1.0,1.3599806943897526,0.75,0
54402.486355351095,148896.00562640192,0.22807781960219842,1.0,1.0,1.0,0.0,6.0,1.0,1.0,1.0,1.0,1.0,2.176099454214044,0.75,0
101848.60899978822,2752897.2760031675,2.252442213855609,1.0,1.0,1.0,1.0,6.0,1.0,1.0,1.0,1.0,1.0,4.073944359991529,1.0,0
182012.75764183217,2067322.1477203125,0.946509727534422,1.0,1.0,1.0,1.0,5.0,1.0,1.0,1.0,1.0,0.0,7.280510305673287,1.0,0
49519.805759129194,1635404.7961672014,2.7521055651315627,1.0,1.0,0.0,1.0,4.0,1.0,1.0,1.0,0.0,1.0,1.9807922303651677,0.75,0
26986.887834298337,795662.7498288701,2.456942406976502,1.0,1.0,1.0,1.0,4.0,1.0,1.0,1.0,1.0,1.0,1.0794755133719336,1.0,0
196916.25795900612,1449367.7538515509,0.6133604579233876,1.0,1.0,1.0,1.0,4.0,1.0,1.0,1.0,1.0,0.0,7.8766503183602445,1.0,0
51543.10395323146,4969857.105608521,8.035114826932052,1.0,1.0,1.0,1.0,3.0,0.0,1.0,1.0,0.0,0.0,2.0617241581292585,1.0,0
758907.9253100916,3863478.17433294,0.42423659549502374,1.0,1.0,1.0,0.0,1.0,0.0,1.0,0.0,1.0,1.0,30.356317012403665,0.75,1
64664.870389722906,2839390.496238351,3.6591100122909124,1.0,1.0,1.0,0.0,6.0,1.0,1.0,1.0,1.0,1.0,2.5865948155889162,0.75,0
60284.78100835529,1638436.9151490289,2.2648570221533832,1.0,1.0,1.0,1.0,3.0,1.0,1.0,1.0,1.0,1.0,2.4113912403342117,1.0,0
191356.25071407232,1002701.712266328,0.436664471165086,1.0,1.0,1.0,0.0,5.0,1.0,1.0,1.0,1.0,1.0,7.654250028562893,0.75,0
161427.28287418184,4907771.400135243,2.533530532939927,1.0,1.0,1.0,1.0,3.0,1.0,1.0,1.0,1.0,1.0,6.457091314967274,1.0,0
185974.7328722331,1465923.3748313098,0.6568649372378348,1.0,1.0,1.0,0.0,3.0,0.0,1.0,1.0,1.0,1.0,7.438989314889324,0.75,0
187225.1693867517,3305250.411436581,1.4711565500972228,1.0,0.0,1.0,1.0,5.0,1.0,1.0,1.0,1.0,1.0,7.4890067754700675,0.75,0
35688.642974601156,1446184.4750456456,3.3768550125662857,1.0,1.0,1.0,1.0,6.0,1.0,1.0,1.0,1.0,1.0,1.4275457189840464,1.0,0
135845.6573893241,502641.170634494,0.30834084080801083,1.0,1.0,1.0,1.0,4.0,1.0,1.0,1.0,1.0,1.0,5.433826295572964,1.0,0
82516.29543973529,3114960.32284203,3.1458032079625218,1.0,1.0,1.0,0.0,6.0,1.0,1.0,1.0,1.0,1.0,3.3006518175894115,0.75,0
100000.0,140732.4824834963,0.11727706873624692,0.0,1.0,0.0,0.0,1.0,0.0,0.0,1.0,1.0,1.0,4.0,0.25,1
108308.82038484245,1646573.984440415,1.2668820343146379,1.0,1.0,1.0,1.0,6.0,1.0,1.0,1.0,1.0,1.0,4.332352815393698,1.0,0
46111.27744260515,4665593.2252208,8.431764570370158,1.0,1.0,1.0,1.0,3.0,1.0,1.0,1.0,1.0,1.0,1.844451097704206,1.0,0
100000.0,276142.0734354387,0.23011839452953223,1.0,1.0,1.0,1.0,1.0,0.0,0.0,0.0,1.0,1.0,4.0,1.0,1
107637.61190334112,2640199.3075315,2.044049520148532,1.0,1.0,1.0,1.0,3.0,0.0,1.0,1.0,1.0,1.0,4.3055044761336445,1.0,0
112884.12680796745,2094821.7967155755,1.5464395924911394,1.0,1.0,1.0,1.0,5.0,1.0,1.0,1.0,1.0,1.0,4.515365072318698,1.0,0
187231.04533935367,3688765.1403860576,1.641806221158561,1.0,1.0,1.0,1.0,4.0,1.0,1.0,1.0,1.0,1.0,7.4892418135741465,1.0,0
500000.0,382327.8742629123,0.06372131237715205,1.0,1.0,0.0,0.0,1.0,0.0,1.0,1.0,0.0,0.0,20.0,0.5,1
83608.48256499007,1801657.491249487,1.7957283718680823,1.0,1.0,1.0,1.0,6.0,0.0,1.0,1.0,1.0,1.0,3.344339302599603,1.0,0
195519.09134157913,2778576.2789201634,1.184273216771573,1.0,1.0,1.0,1.0,3.0,1.0,1.0,1.0,1.0,0.0,7.820763653663165,1.0,0
67357.87777594231,4211086.905818252,5.209842120998718,1.0,1.0,1.0,1.0,3.0,1.0,1.0,1.0,1.0,0.0,2.6943151110376924,1.0,0
83956.7635599437,1932213.1303627866,1.9178652682175106,1.0,1.0,1.0,1.0,6.0,1.0,1.0,1.0,1.0,1.0,3.358270542397748,1.0,0
194734.22412834901,400613.17284227395,0.17143586968146837,1.0,1.0,1.0,1.0,6.0,1.0,1.0,1.0,1.0,1.0,7.789368965133961,1.0,0
175222.23157252706,2930207.492817672,1.3935672177176597,1.0,1.0,1.0,1.0,6.0,1.0,0.0,1.0,0.0,1.0,7.008889262901082,1.0,0
126199.02467433045,754051.8648381245,0.49792504787842906,1.0,1.0,1.0,1.0,4.0,1.0,1.0,1.0,1.0,1.0,5.047960986973218,1.0,0
66786.00050945292,2695332.647333537,3.363145752569356,1.0,1.0,1.0,1.0,5.0,1.0,1.0,1.0,1.0,1.0,2.6714400203781166,1.0,0
126879.83053084783,3498728.4816215965,2.297927933714521,1.0,1.0,1.0,1.0,4.0,1.0,1.0,1.0,1.0,1.0,5.0751932212339135,1.0,0
3199.1363514030145,11510000.248932157,299.8205084288954,1.0,1.0,1.0,1.0,3.0,0.0,1.0,1.0,1.0,0.0,0.1279654540561206,1.0,1
81643.86637074265,1935309.1463985946,1.9753567459377033,1.0,1.0,1.0,0.0,5.0,1.0,1.0,1.0,0.0,1.0,3.265754654829706,0.75,0
5460.067515335874,16478649.842911376,251.50253479203388,0.0,1.0,1.0,0.0,2.0,1.0,0.0,1.0,0.0,1.0,0.21840270061343497,0.5,1
200000.0,2928357.3780979197,1.2201489075407999,0.0,1.0,0.0,1.0,2.0,1.0,0.0,0.0,0.0,0.0,8.0,0.5,1
57732.65599756659,3473184.590611471,5.013316020482793,1.0,1.0,1.0,0.0,4.0,1.0,1.0,1.0,0.0,1.0,2.3093062399026634,0.75,0
156243.08231985613,643890.6840774427,0.3434235692855024,1.0,1.0,1.0,1.0,3.0,0.0,1.0,1.0,1.0,1.0,6.249723292794245,1.0,0
152437.8610070754,3669604.3180919047,2.006065670436023,1.0,1.0,0.0,0.0,6.0,1.0,1.0,1.0,1.0,1.0,6.097514440283017,0.5,0
60872.25169776867,3899196.1369753643,5.337949596934729,1.0,1.0,1.0,1.0,3.0,1.0,1.0,1.0,1.0,0.0,2.4348900679107466,1.0,0
41750.0472160283,4124802.978213402,8.233130366037535,1.0,1.0,1.0,1.0,4.0,1.0,1.0,1.0,0.0,1.0,1.670001888641132,1.0,0
146805.21441812027,2164115.461140953,1.2284506092640504,1.0,0.0,1.0,1.0,6.0,1.0,0.0,1.0,1.0,1.0,5.872208576724811,0.75,0
32127.540405819775,1812581.223225412,4.70152502684029,1.0,1.0,1.0,1.0,6.0,1.0,1.0,1.0,1.0,1.0,1.285101616232791,1.0,0
100000.0,3838270.8655922436,3.198559054660203,1.0,0.0,0.0,1.0,1.0,1.0,0.0,1.0,1.0,0.0,4.0,0.5,1
80175.8091203568,470464.69902207877,0.48899277743888586,1.0,1.0,1.0,1.0,4.0,1.0,1.0,1.0,1.0,1.0,3.207032364814272,1.0,0
29614.2205370191,1593280.3673920534,4.483432673278203,1.0,1.0,0.0,1.0,4.0,1.0,0.0,1.0,1.0,1.0,1.184568821480764,0.75,0
197838.6736538101,2048300.6549090657,0.8627823776311231,1.0,1.0,1.0,1.0,4.0,1.0,1.0,1.0,1.0,1.0,7.913546946152405,1.0,0
186918.45554774153,1569022.585069656,0.6995129598411547,1.0,1.0,1.0,1.0,5.0,1.0,1.0,1.0,0.0,1.0,7.476738221909661,1.0,0
84864.3060252838,2430175.5836854507,2.386334625931566,1.0,1.0,1.0,1.0,3.0,1.0,1.0,1.0,0.0,1.0,3.3945722410113524,1.0,0
9978.97852754217,7589409.054038357,63.37830598168143,1.0,0.0,0.0,1.0,2.0,1.0,1.0,1.0,0.0,0.0,0.39915914110168677,0.5,1
79551.36186422093,4413542.334529743,4.6233676699577035,1.0,1.0,1.0,1.0,6.0,0.0,0.0,1.0,1.0,1.0,3.1820544745688375,1.0,0
47967.85359441783,2617886.8746131617,4.54798835477776,1.0,1.0,1.0,1.0,4.0,1.0,1.0,1.0,1.0,1.0,1.9187141437767132,1.0,0
81631.78835116971,2141172.5595632317,2.1858034747772686,1.0,1.0,0.0,0.0,6.0,1.0,1.0,1.0,1.0,0.0,3.2652715340467884,0.5,0
96208.89312650236,616426.7687282455,0.5339308636102584,1.0,1.0,1.0,1.0,6.0,0.0,1.0,1.0,1.0,0.0,3.8483557250600944,1.0,0
74858.10974138074,549383.6332731204,0.611583295351618,0.0,1.0,0.0,0.0,2.0,0.0,0.0,0.0,0.0,0.0,2.9943243896552296,0.25,1
91655.89991042876,2749422.5355600608,2.4997686439597717,1.0,1.0,1.0,0.0,3.0,1.0,1.0,1.0,1.0,1.0,3.6662359964171505,0.75,0
76125.31349366318,1586048.223081218,1.7362251686197694,1.0,1.0,0.0,1.0,4.0,1.0,1.0,1.0,0.0,0.0,3.0450125397465273,0.75,0
29639.479344783816,2365248.248902975,6.650050037960686,1.0,1.0,1.0,1.0,4.0,1.0,1.0,1.0,1.0,1.0,1.1855791737913526,1.0,0
197665.95382175062,155948.11892496079,0.06574564979864558,0.0,1.0,1.0,0.0,5.0,1.0,1.0,1.0,1.0,1.0,7.906638152870025,0.5,0
120828.66582690385,1603205.337658492,1.1057015641989048,1.0,1.0,0.0,1.0,3.0,1.0,1.0,1.0,1.0,1.0,4.833146633076153,0.75,0
137170.1135354331,252630.5546876162,0.1534776467071293,1.0,1.0,0.0,1.0,6.0,1.0,1.0,1.0,1.0,1.0,5.4868045414173245,0.75,0
111032.77814544566,4268018.683421575,3.203272308944324,1.0,1.0,0.0,1.0,6.0,1.0,1.0,1.0,1.0,1.0,4.441311125817826,0.75,0
158264.36055055764,161776.8478812193,0.0851828165431785,1.0,1.0,1.0,1.0,3.0,1.0,1.0,1.0,1.0,1.0,6.3305744220223055,1.0,0
180950.04489716244,4293112.568638353,1.9771168386456306,1.0,1.0,1.0,1.0,5.0,1.0,1.0,1.0,0.0,1.0,7.238001795886498,1.0,0
155635.99589565423,3005917.2375152423,1.6094805169249706,1.0,0.0,1.0,1.0,3.0,1.0,1.0,1.0,1.0,1.0,6.225439835826169,0.75,0
71911.13714400335,118717.62102705723,0.13757444922303091,1.0,1.0,1.0,1.0,6.0,1.0,1.0,1.0,1.0,1.0,2.8764454857601343,1.0,0
72987.66041101725,4925806.173536131,5.624017066489179,1.0,1.0,1.0,1.0,3.0,1.0,1.0,1.0,1.0,1.0,2.91950641644069,1.0,0
72978.11664796603,3276758.236515268,3.7417132548580625,1.0,1.0,1.0,1.0,5.0,1.0,1.0,1.0,0.0,0.0,2.919124665918641,1.0,0
197841.9013994132,2638006.5857916367,1.1111593681335044,1.0,1.0,1.0,1.0,5.0,1.0,1.0,1.0,1.0,1.0,7.913676055976528,1.0,0
46231.236198922226,807664.5359575284,1.4558420568046537,1.0,1.0,1.0,1.0,1.0,0.0,0.0,1.0,0.0,1.0,1.849249447956889,1.0,1
123223.50957466185,3433116.118120931,2.3217404765611347,1.0,1.0,1.0,0.0,4.0,1.0,1.0,1.0,1.0,1.0,4.9289403829864735,0.75,0
68691.90155035755,186006.58049648165,0.22565321420522128,1.0,1.0,1.0,1.0,6.0,1.0,1.0,1.0,1.0,1.0,2.747676062014302,1.0,0
76853.92107979827,473572.16807046597,0.5134981635904983,1.0,1.0,1.0,1.0,5.0,1.0,1.0,1.0,1.0,1.0,3.074156843191931,1.0,0
131353.93910380034,2890744.919878808,1.833941270688022,1.0,1.0,1.0,1.0,6.0,1.0,1.0,1.0,1.0,1.0,5.254157564152013,1.0,0
200000.0,360344.52435203025,0.15014355181334593,1.0,1.0,0.0,0.0,1.0,1.0,0.0,1.0,0.0,1.0,8.0,0.5,1
84403.78369499106,3402697.603388084,3.3595429162318635,1.0,1.0,1.0,0.0,6.0,1.0,1.0,1.0,1.0,1.0,3.376151347799642,0.75,0
75510.34681704476,856852.7613942865,0.9456240077384902,1.0,1.0,1.0,1.0,4.0,1.0,1.0,1.0,1.0,1.0,3.0204138726817904,1.0,0
661176.1443487296,4091379.776938674,0.5156694137546807,1.0,1.0,0.0,0.0,1.0,1.0,1.0,1.0,1.0,0.0,26.447045773949185,0.5,1
185529.87570589248,3419957.1105488706,1.5361214725916026,1.0,1.0,0.0,1.0,6.0,1.0,0.0,1.0,1.0,1.0,7.421195028235699,0.75,0
110654.23304857353,4247920.259582362,3.199094559806,1.0,1.0,1.0,1.0,3.0,1.0,1.0,1.0,1.0,1.0,4.426169321942941,1.0,0
86271.92035417777,1031527.4839402654,0.9963916800366678,1.0,1.0,0.0,1.0,6.0,1.0,1.0,1.0,0.0,1.0,3.4508768141671107,0.75,0
827.4750388987139,6064837.8672707975,610.7775242121389,1.0,1.0,1.0,0.0,1.0,0.0,0.0,1.0,0.0,1.0,0.033099001555948554,0.75,1
43061.71005091422,725777.2972841776,1.4045294849841683,1.0,0.0,0.0,0.0,3.0,0.0,0.0,0.0,0.0,1.0,1.7224684020365688,0.25,1
190774.58443206767,1939116.5488060492,0.8470365495220282,1.0,1.0,1.0,1.0,3.0,1.0,1.0,1.0,1.0,1.0,7.630983377282707,1.0,0
105348.75734169573,1346518.7461250501,1.0651278509766489,1.0,1.0,1.0,1.0,4.0,0.0,1.0,1.0,1.0,0.0,4.213950293667829,1.0,0
48522.56846432049,1624965.7258106286,2.790738717464869,1.0,1.0,1.0,1.0,5.0,1.0,1.0,1.0,0.0,1.0,1.9409027385728195,1.0,0
53634.16870854211,3673789.491031182,5.708098617436748,1.0,1.0,1.0,1.0,6.0,1.0,1.0,1.0,0.0,0.0,2.1453667483416843,1.0,0
60026.29274284177,4339949.2186536705,6.025066989180915,1.0,1.0,0.0,1.0,4.0,1.0,1.0,1.0,1.0,1.0,2.4010517097136708,0.75,0
173999.36760539174,3218233.9795135343,1.5413054004177362,1.0,1.0,1.0,1.0,4.0,1.0,1.0,1.0,1.0,1.0,6.95997470421567,1.0,0
72073.84577614209,1056678.954486811,1.221754973559578,1.0,1.0,1.0,0.0,4.0,1.0,1.0,1.0,1.0,1.0,2.8829538310456835,0.75,0
74168.5581786403,3853717.4050229825,4.329909128228599,1.0,1.0,1.0,0.0,6.0,1.0,1.0,1.0,1.0,1.0,2.9667423271456124,0.75,0
133554.1714868563,2229520.208207688,1.3911459942848643,1.0,1.0,1.0,1.0,3.0,1.0,1.0,1.0,1.0,1.0,5.342166859474252,1.0,0
85866.61138288378,3795898.3694004114,3.683909950821182,1.0,1.0,1.0,1.0,6.0,1.0,1.0,1.0,1.0,1.0,3.4346644553153514,1.0,0
47665.11122449073,1849443.7854530597,3.2333988423640427,1.0,1.0,1.0,1.0,4.0,1.0,1.0,1.0,1.0,1.0,1.906604448979629,1.0,0
51694.33250999574,3846186.1938081165,6.200206107481913,1.0,1.0,1.0,1.0,4.0,1.0,1.0,1.0,1.0,1.0,2.0677733003998293,1.0,0
188227.4845869523,188232.12244222703,0.08333538663569992,1.0,1.0,1.0,1.0,3.0,1.0,1.0,1.0,0.0,1.0,7.529099383478092,1.0,0
118119.85992143024,3464290.576113773,2.444050319182929,0.0,1.0,1.0,1.0,3.0,1.0,1.0,1.0,1.0,1.0,4.7247943968572095,0.75,0
100000.0,139191.9200590378,0.11599326671586484,1.0,0.0,0.0,0.0,1.0,1.0,0.0,0.0,0.0,0.0,4.0,0.25,1
539765.5011826832,10073247.757737584,1.5551888946320265,0.0,1.0,0.0,0.0,3.0,0.0,1.0,1.0,1.0,1.0,21.590620047307326,0.25,1
109620.48817598683,941300.1477567028,0.7155749831527247,1.0,1.0,1.0,1.0,3.0,1.0,1.0,1.0,1.0,1.0,4.384819527039473,1.0,0
148963.5209251311,3317492.261168593,1.8558750942095643,1.0,1.0,0.0,1.0,4.0,1.0,1.0,1.0,1.0,1.0,5.958540837005244,0.75,0
51836.495545314036,1500339.422076764,2.411974109317776,1.0,1.0,1.0,1.0,5.0,1.0,1.0,0.0,1.0,1.0,2.0734598218125613,1.0,0
165642.61345734503,1547679.4096393592,0.7786238181385943,1.0,1.0,1.0,0.0,5.0,1.0,1.0,0.0,0.0,1.0,6.625704538293801,0.75,0
105968.96249218112,2813186.2782542547,2.2122722006627056,1.0,1.0,1.0,1.0,4.0,1.0,1.0,0.0,1.0,1.0,4.238758499687245,1.0,0
55596.7597705722,1682833.9941950599,2.522380202760481,1.0,1.0,1.0,1.0,3.0,1.0,1.0,1.0,0.0,0.0,2.223870390822888,1.0,0
40646.925404645415,4233883.353853936,8.680204205084555,1.0,1.0,1.0,1.0,5.0,1.0,1.0,1.0,1.0,0.0,1.6258770161858167,1.0,0
64305.84401449684,3416424.3644012385,4.427311929885996,1.0,1.0,1.0,1.0,6.0,1.0,1.0,1.0,1.0,1.0,2.5722337605798735,1.0,0
119384.89233523888,1971504.2342991899,1.3761541876135557,1.0,1.0,1.0,1.0,3.0,1.0,1.0,1.0,1.0,1.0,4.775395693409555,1.0,0
74660.78351477679,4522021.205700625,5.047296354725091,1.0,1.0,1.0,0.0,3.0,0.0,1.0,1.0,1.0,1.0,2.986431340591072,0.75,0
100000.0,621667.5132129521,0.5180562610107934,0.0,0.0,0.0,0.0,1.0,0.0,0.0,1.0,1.0,1.0,4.0,0.0,1
103297.16419410457,1980810.5269203994,1.5979871780396282,0.0,1.0,0.0,1.0,4.0,1.0,1.0,1.0,1.0,1.0,4.131886567764183,0.5,0
37138.227653153954,1718053.817870338,3.855088423344189,1.0,1.0,1.0,1.0,5.0,1.0,1.0,1.0,1.0,1.0,1.4855291061261582,1.0,0
87910.95146345715,1739105.3148354676,1.6485482239741003,1.0,1.0,1.0,1.0,5.0,1.0,1.0,1.0,1.0,1.0,3.516438058538286,1.0,0
47326.55298922366,690736.2403780823,1.2162591553614102,1.0,1.0,0.0,1.0,5.0,1.0,1.0,1.0,0.0,1.0,1.8930621195689463,0.75,0
72653.78214088957,3365288.5265332116,3.8599602426836657,1.0,1.0,1.0,1.0,4.0,1.0,1.0,1.0,1.0,1.0,2.9061512856355827,1.0,0
83362.35504595023,1567038.383021238,1.5664928353626262,1.0,1.0,1.0,1.0,5.0,1.0,1.0,1.0,1.0,1.0,3.3344942018380093,1.0,0
52167.04303787469,1238683.1829746345,1.9787128533675256,1.0,1.0,1.0,1.0,3.0,1.0,1.0,1.0,1.0,1.0,2.0866817215149878,1.0,0
79549.43831564693,194042.15643297776,0.20327207891256177,1.0,1.0,1.0,0.0,3.0,1.0,1.0,1.0,1.0,1.0,3.181977532625877,0.75,0
111148.62487840609,1428371.6434439223,1.0709171653469445,1.0,0.0,1.0,1.0,6.0,1.0,1.0,1.0,1.0,0.0,4.4459449951362435,0.75,0
7451.516535267858,10817316.330873143,120.9744383316138,1.0,0.0,1.0,1.0,1.0,0.0,1.0,1.0,0.0,0.0,0.2980606614107143,0.75,1
146571.88239952468,3016145.2070378396,1.714827085557271,1.0,1.0,1.0,1.0,6.0,1.0,1.0,1.0,0.0,0.0,5.862875295980987,1.0,0
150295.14004829456,4897007.464356564,2.715217240104482,1.0,1.0,1.0,1.0,3.0,1.0,1.0,1.0,0.0,1.0,6.0118056019317825,1.0,0
94525.27584806427,3638501.8537339387,3.207697466003965,1.0,1.0,1.0,1.0,3.0,1.0,1.0,1.0,1.0,1.0,3.7810110339225704,1.0,0
72820.41722468662,1584361.4376381033,1.8130920535074353,1.0,1.0,0.0,1.0,6.0,1.0,1.0,1.0,1.0,1.0,2.9128166889874647,0.75,0
76602.29181193114,356217.11721950007,0.38751790665965613,1.0,0.0,1.0,0.0,1.0,1.0,0.0,1.0,0.0,1.0,3.0640916724772453,0.5,1
52303.26207742639,2253607.27430126,3.590609815383287,1.0,1.0,1.0,1.0,6.0,0.0,1.0,1.0,1.0,1.0,2.0921304830970557,1.0,0
153139.3551216732,183043.55795894685,0.09960620389052072,1.0,1.0,1.0,0.0,5.0,1.0,1.0,1.0,1.0,1.0,6.125574204866928,0.75,0
4548.297724386497,5969069.721294814,109.36453744167842,1.0,0.0,1.0,0.0,1.0,0.0,0.0,1.0,1.0,0.0,0.18193190897545988,0.5,1
115707.68916365392,1980781.4644719157,1.4265700337845528,1.0,1.0,1.0,0.0,3.0,0.0,1.0,1.0,1.0,1.0,4.628307566546157,0.75,0
104059.3437790151,3474294.9836085904,2.7823025924729015,1.0,1.0,1.0,0.0,5.0,1.0,1.0,0.0,1.0,1.0,4.162373751160604,0.75,0
753444.9709555905,3008512.3831424993,0.33275073154168316,1.0,1.0,0.0,1.0,1.0,0.0,1.0,1.0,1.0,1.0,30.13779883822362,0.75,1
89862.3757367059,1640315.554600367,1.5211367578781831,1.0,1.0,1.0,0.0,5.0,1.0,1.0,1.0,1.0,1.0,3.594495029468236,0.75,0
177765.52127837145,715196.0523370015,0.3352712640757457,1.0,1.0,0.0,1.0,4.0,1.0,1.0,0.0,0.0,1.0,7.1106208511348585,0.75,0
143938.2744712872,912173.9211187641,0.5281047984337691,1.0,1.0,1.0,1.0,3.0,0.0,1.0,1.0,1.0,1.0,5.757530978851488,1.0,0
88418.9323454108,799966.4077741092,0.7539546740293699,1.0,1.0,1.0,0.0,4.0,1.0,1.0,1.0,1.0,1.0,3.536757293816432,0.75,0
573287.8440708548,18532008.02670507,2.6938195501569933,0.0,1.0,1.0,0.0,3.0,0.0,0.0,0.0,0.0,1.0,22.931513762834193,0.5,1
152065.98340146575,1432553.6580302918,0.7850504684361488,1.0,1.0,1.0,1.0,5.0,1.0,1.0,1.0,1.0,1.0,6.08263933605863,1.0,0
48024.344897270465,1410269.9365019524,2.4471441507404217,0.0,1.0,1.0,1.0,4.0,1.0,1.0,1.0,0.0,1.0,1.9209737958908186,0.75,0
96929.98221617332,1110635.3577971477,0.9548433247071478,1.0,1.0,1.0,1.0,4.0,1.0,1.0,1.0,1.0,1.0,3.8771992886469326,1.0,0
193463.47256863688,782302.3184762163,0.3369724476019073,1.0,1.0,1.0,1.0,4.0,1.0,0.0,1.0,1.0,1.0,7.738538902745475,1.0,0
73763.131241407,3264472.9820105094,3.6880133826915538,1.0,1.0,1.0,1.0,6.0,0.0,1.0,0.0,1.0,1.0,2.95052524965628,1.0,0
173851.80259149233,2863962.7412842372,1.3727988908719302,1.0,1.0,0.0,1.0,4.0,1.0,0.0,1.0,1.0,1.0,6.954072103659693,0.75,0
164091.67103123764,4837542.949016498,2.456727855540979,1.0,1.0,1.0,1.0,5.0,1.0,1.0,1.0,1.0,1.0,6.563666841249505,1.0,0
175913.64903068042,4757602.157672397,2.2537582993548924,1.0,0.0,1.0,1.0,4.0,1.0,1.0,1.0,1.0,1.0,7.036545961227216,0.75,0
194677.30985879776,2723019.644117699,1.165612488897972,1.0,1.0,1.0,0.0,3.0,1.0,1.0,1.0,1.0,1.0,7.787092394351911,0.75,0
168358.05039968828,3067625.657684716,1.518403609847217,1.0,1.0,1.0,0.0,4.0,1.0,1.0,1.0,1.0,1.0,6.734322015987531,0.75,0
49460.16590960066,669080.9049825754,1.1273060058833813,1.0,1.0,1.0,1.0,4.0,1.0,1.0,1.0,1.0,1.0,1.9784066363840265,1.0,0
55867.72263858908,170144.8605685939,0.253791235995766,1.0,0.0,0.0,1.0,6.0,1.0,1.0,1.0,0.0,1.0,2.234708905543563,0.5,0
115093.03693769578,618938.4415784124,0.448143561393631,1.0,1.0,1.0,1.0,3.0,1.0,1.0,1.0,0.0,1.0,4.603721477507832,1.0,0
126515.08637161696,3880971.8637951775,2.5563300888319027,1.0,1.0,1.0,0.0,5.0,1.0,1.0,1.0,1.0,1.0,5.060603454864678,0.75,0
170623.48114260484,2631822.0876087123,1.2853946352051189,1.0,0.0,1.0,1.0,5.0,1.0,1.0,1.0,1.0,1.0,6.8249392457041935,0.75,0
27127.03307071786,3463003.2637618775,10.638229568312058,1.0,0.0,1.0,1.0,4.0,1.0,1.0,1.0,1.0,1.0,1.0850813228287144,0.75,0
188945.20438183265,2036141.447296366,0.8980299579261439,1.0,1.0,1.0,1.0,4.0,1.0,1.0,1.0,1.0,1.0,7.557808175273306,1.0,0
155451.90798225775,4381123.10798509,2.3485951190368164,1.0,1.0,1.0,1.0,4.0,1.0,1.0,1.0,1.0,1.0,6.21807631929031,1.0,0
157045.0029648194,2040255.3160460289,1.082627738083819,1.0,1.0,0.0,0.0,6.0,1.0,1.0,1.0,1.0,1.0,6.281800118592776,0.5,0
98192.5313508583,4044043.206523049,3.4320695872419997,1.0,1.0,1.0,1.0,4.0,1.0,1.0,1.0,1.0,1.0,3.927701254034332,1.0,0
121114.66632357109,4820632.727646397,3.3168517584591766,1.0,1.0,0.0,1.0,4.0,0.0,1.0,1.0,1.0,1.0,4.844586652942843,0.75,0
75965.09953465733,1271982.5106580355,1.3953584370211598,1.0,1.0,1.0,0.0,6.0,1.0,1.0,1.0,1.0,1.0,3.0386039813862933,0.75,0
187640.79809732753,1662447.4097735803,0.7383111005312415,1.0,1.0,1.0,1.0,6.0,1.0,1.0,1.0,1.0,1.0,7.505631923893101,1.0,0
166469.5359203807,4444360.654678287,2.2248118002022617,1.0,1.0,1.0,1.0,6.0,1.0,1.0,1.0,1.0,1.0,6.658781436815228,1.0,0
56751.20114071453,3768361.64721838,5.53345358258693,1.0,1.0,1.0,1.0,5.0,1.0,1.0,1.0,1.0,1.0,2.2700480456285814,1.0,0
705871.1221987173,15598412.21484497,1.8415085186109574,0.0,1.0,0.0,0.0,3.0,0.0,0.0,1.0,0.0,0.0,28.234844887948693,0.25,1
85716.81033183984,4791495.293286671,4.658260997985802,1.0,1.0,1.0,1.0,3.0,1.0,1.0,1.0,0.0,0.0,3.4286724132735933,1.0,0
200000.0,4398852.178321576,1.8328550743006566,0.0,1.0,0.0,1.0,1.0,0.0,1.0,0.0,0.0,0.0,8.0,0.5,1
26896.58900905221,4540101.948352255,14.0665356823507,1.0,1.0,1.0,1.0,3.0,1.0,1.0,1.0,1.0,1.0,1.0758635603620885,1.0,0
176981.89578213473,3965769.111702435,1.8673139297556125,1.0,1.0,1.0,0.0,4.0,1.0,1.0,1.0,1.0,1.0,7.079275831285389,0.75,0
68285.91780505958,1008117.8796907008,1.230265712286198,1.0,1.0,1.0,0.0,5.0,1.0,1.0,1.0,1.0,1.0,2.7314367122023833,0.75,0
181431.2020339176,2495599.375783012,1.1462560591408422,0.0,1.0,1.0,1.0,6.0,1.0,1.0,1.0,0.0,0.0,7.257248081356704,0.75,0
100000.0,447092.82079847436,0.3725773506653953,1.0,0.0,0.0,0.0,3.0,0.0,0.0,0.0,0.0,1.0,4.0,0.25,1
159447.84742629068,3191516.7721229005,1.6680045250105315,0.0,1.0,1.0,1.0,3.0,1.0,1.0,1.0,1.0,0.0,6.377913897051627,0.75,0
47765.0920228606,284098.34295464616,0.49565196904794573,1.0,1.0,1.0,0.0,4.0,0.0,1.0,1.0,1.0,1.0,1.9106036809144238,0.75,0
187455.74845285196,2634618.3765638857,1.1712179177879118,1.0,1.0,1.0,1.0,6.0,1.0,0.0,1.0,1.0,1.0,7.498229938114078,1.0,0
31885.11961698919,3719743.4385601752,9.72173300911345,1.0,1.0,1.0,1.0,3.0,1.0,1.0,1.0,1.0,1.0,1.2754047846795675,1.0,0
96479.31228737228,567456.4588347321,0.4901365600054861,1.0,0.0,1.0,0.0,3.0,1.0,1.0,1.0,1.0,1.0,3.859172491494891,0.5,0
56779.60044024949,2367110.4648204283,3.4741210553125126,1.0,1.0,1.0,0.0,5.0,1.0,1.0,1.0,1.0,1.0,2.2711840176099796,0.75,0
1642.2068745957074,6235726.086176159,316.4301943642821,1.0,1.0,1.0,1.0,3.0,0.0,0.0,1.0,1.0,0.0,0.0656882749838283,1.0,1
180796.16218091035,3358426.0270323767,1.5479799582581062,1.0,1.0,1.0,1.0,4.0,1.0,0.0,1.0,1.0,1.0,7.231846487236414,1.0,0
197488.8294693551,4602740.014833817,1.9421942442690734,1.0,1.0,1.0,1.0,4.0,1.0,1.0,1.0,1.0,1.0,7.899553178774204,1.0,0
130551.61915661793,4412768.015815277,2.816745363712828,1.0,1.0,1.0,1.0,3.0,1.0,1.0,1.0,1.0,0.0,5.222064766264717,1.0,0
182159.5006521249,4743671.327225907,2.1701088470286214,1.0,1.0,1.0,1.0,4.0,1.0,1.0,1.0,1.0,1.0,7.286380026084996,1.0,0
181592.91481059234,1509400.372314023,0.6926666962237943,1.0,1.0,1.0,0.0,3.0,1.0,0.0,1.0,1.0,1.0,7.263716592423694,0.75,0
89559.88692471017,4779796.506276445,4.447486360248396,1.0,1.0,1.0,0.0,3.0,1.0,1.0,1.0,1.0,1.0,3.5823954769884065,0.75,0
122433.50627743771,2952773.8583111577,2.0097806203067283,1.0,1.0,1.0,1.0,3.0,1.0,0.0,1.0,1.0,1.0,4.897340251097509,1.0,0
66452.34782053437,2588244.8133980175,3.245740366701068,1.0,1.0,1.0,1.0,4.0,1.0,1.0,1.0,1.0,1.0,2.658093912821375,1.0,0
85944.70672907756,2610582.5099743744,2.5312616771576186,1.0,1.0,0.0,1.0,3.0,1.0,1.0,1.0,1.0,0.0,3.4377882691631023,0.75,0
100000.0,312185.3615772157,0.2601544679810131,1.0,1.0,1.0,1.0,1.0,1.0,1.0,0.0,1.0,0.0,4.0,1.0,1
116832.37553564162,3505672.6214069105,2.5005002575516464,1.0,1.0,0.0,0.0,3.0,1.0,1.0,1.0,0.0,1.0,4.673295021425665,0.5,0
175627.8520698601,4845595.010212481,2.2991773766256203,1.0,1.0,1.0,0.0,5.0,0.0,1.0,1.0,1.0,1.0,7.025114082794404,0.75,0
85538.6236957185,2171370.320780268,2.1153897375688784,1.0,0.0,1.0,0.0,6.0,1.0,1.0,1.0,1.0,1.0,3.4215449478287403,0.5,0
112305.42685398732,4854259.83765768,3.601977789230742,1.0,1.0,1.0,1.0,6.0,1.0,1.0,1.0,1.0,1.0,4.492217074159493,1.0,0
40148.47070820917,637491.4247673939,1.3231957397176897,1.0,0.0,1.0,0.0,1.0,0.0,1.0,0.0,0.0,0.0,1.6059388283283669,0.5,1
119785.98756565171,3466394.4058658895,2.4115191297354692,0.0,1.0,1.0,0.0,6.0,1.0,1.0,1.0,1.0,1.0,4.791439502626068,0.5,0
83492.68089296814,1411204.1159670602,1.4085108028572055,1.0,1.0,1.0,1.0,4.0,1.0,1.0,1.0,1.0,0.0,3.3397072357187256,1.0,0
33020.09343964635,468602.85962507955,1.1826204663371238,0.0,0.0,1.0,1.0,2.0,0.0,1.0,0.0,0.0,1.0,1.320803737585854,0.5,1
41292.98436603236,585972.687977358,1.1825509364640392,0.0,1.0,0.0,1.0,5.0,1.0,1.0,1.0,1.0,1.0,1.6517193746412944,0.5,0
128671.36231541558,1921447.9253714818,1.2444156770106731,1.0,1.0,1.0,1.0,6.0,1.0,1.0,1.0,1.0,1.0,5.146854492616623,1.0,0
72625.39901524347,148626.72352639458,0.1705403407321258,1.0,1.0,1.0,1.0,6.0,1.0,1.0,1.0,1.0,0.0,2.905015960609739,1.0,0
57635.28830814388,175792.10866361833,0.25417314320200785,0.0,1.0,0.0,1.0,3.0,1.0,1.0,1.0,0.0,1.0,2.305411532325755,0.5,1
121915.39212466584,3511165.1111758337,2.4000012426551356,1.0,1.0,1.0,1.0,4.0,1.0,1.0,1.0,1.0,1.0,4.876615684986634,1.0,0
61108.40072101369,526754.5572992803,0.7183335284567269,1.0,1.0,1.0,1.0,5.0,0.0,1.0,1.0,1.0,1.0,2.4443360288405476,1.0,0
84686.61143379525,3475537.9800454443,3.4199994556424924,1.0,0.0,1.0,1.0,5.0,1.0,1.0,1.0,1.0,1.0,3.38746445735181,0.75,0
117987.0605244259,1310196.115452799,0.925381216684039,1.0,0.0,1.0,1.0,3.0,1.0,1.0,1.0,1.0,0.0,4.7194824209770365,0.75,0
127139.81957390261,2355755.528889439,1.5440714120777534,1.0,1.0,1.0,1.0,3.0,1.0,1.0,1.0,0.0,1.0,5.0855927829561045,1.0,0
4818.912312704395,9589946.131358549,165.83870503439792,0.0,0.0,0.0,1.0,3.0,0.0,1.0,0.0,0.0,0.0,0.1927564925081758,0.25,1
3379.960313119229,7393658.491800703,182.29155095654053,0.0,1.0,1.0,0.0,3.0,0.0,1.0,1.0,0.0,1.0,0.13519841252476916,0.5,1
500000.0,3967251.63706606,0.6612086061776767,0.0,1.0,0.0,0.0,2.0,1.0,0.0,0.0,0.0,0.0,20.0,0.25,1
54920.377135660245,726245.6638259367,1.101967523566008,1.0,0.0,1.0,1.0,1.0,0.0,0.0,0.0,0.0,1.0,2.19681508542641,0.75,1
166846.83288682075,1479453.8722331568,0.7389281567587666,1.0,1.0,1.0,0.0,3.0,1.0,1.0,1.0,0.0,1.0,6.67387331547283,0.75,0
44625.38475145317,731686.0190088801,1.3663486658324249,1.0,0.0,1.0,0.0,1.0,1.0,1.0,1.0,0.0,0.0,1.785015390058127,0.5,1
75266.8235394643,3430139.630402028,3.79775518293652,1.0,1.0,1.0,0.0,3.0,1.0,1.0,1.0,1.0,0.0,3.010672941578572,0.75,0
37914.3988286948,1468452.833426611,3.22756190873857,1.0,1.0,1.0,1.0,5.0,1.0,1.0,1.0,1.0,1.0,1.516575953147792,1.0,0
158283.43268252557,2356643.5366432862,1.240729734367339,1.0,1.0,1.0,1.0,4.0,1.0,1.0,1.0,1.0,0.0,6.331337307301022,1.0,0
172837.06492045533,3600678.403949087,1.7360658942022575,1.0,1.0,1.0,1.0,5.0,1.0,1.0,1.0,1.0,1.0,6.913482596818214,1.0,0
177518.94107666585,4391827.10923358,2.061670660135765,1.0,1.0,1.0,1.0,6.0,1.0,1.0,1.0,1.0,1.0,7.100757643066634,1.0,0
78242.3925179191,383124.7488821965,0.408053248110195,1.0,1.0,1.0,0.0,6.0,1.0,1.0,1.0,1.0,1.0,3.129695700716764,0.75,0
46330.06633396582,1247596.5175390374,2.2440368574513756,1.0,1.0,1.0,1.0,4.0,1.0,1.0,1.0,0.0,0.0,1.8532026533586328,1.0,0
32366.30818636333,4054130.905331569,10.43814574605409,1.0,1.0,0.0,1.0,6.0,1.0,0.0,1.0,0.0,1.0,1.2946523274545332,0.75,0
77325.41891459707,915194.8862069737,0.9863023257782918,0.0,0.0,0.0,0.0,1.0,1.0,0.0,0.0,0.0,0.0,3.093016756583883,0.0,1
44872.57863493508,411840.4555045475,0.7648332010942822,1.0,1.0,1.0,1.0,5.0,1.0,0.0,1.0,1.0,1.0,1.7949031453974034,1.0,0
116903.59214173553,2828704.37154327,2.0164082213100505,1.0,1.0,1.0,1.0,4.0,1.0,1.0,1.0,1.0,1.0,4.676143685669421,1.0,0
138035.51723303023,2716440.6154840426,1.6399406169368798,1.0,1.0,1.0,1.0,3.0,1.0,1.0,1.0,1.0,1.0,5.521420689321209,1.0,0
145750.8558936165,3783560.262739618,2.163257887087605,1.0,1.0,1.0,0.0,3.0,1.0,1.0,1.0,1.0,1.0,5.830034235744661,0.75,0
30940.546252514796,215615.32676309271,0.5807248440374251,1.0,1.0,1.0,1.0,4.0,1.0,1.0,1.0,1.0,1.0,1.2376218501005918,1.0,0
185893.59531252304,3492558.720059185,1.5656621171677625,1.0,1.0,1.0,1.0,5.0,1.0,1.0,1.0,1.0,0.0,7.435743812500922,1.0,0
91534.23328752498,3417009.836684503,3.11086693466101,1.0,1.0,1.0,1.0,3.0,1.0,1.0,1.0,1.0,1.0,3.661369331500999,1.0,0
154155.88287461482,3321032.06263363,1.7952780440512741,1.0,1.0,1.0,1.0,4.0,0.0,1.0,1.0,1.0,1.0,6.1662353149845925,1.0,0
500000.0,2657906.909630277,0.44298448493837955,1.0,1.0,0.0,0.0,2.0,1.0,0.0,1.0,0.0,0.0,20.0,0.5,1
41446.839472152074,2466547.473218241,4.959259267676895,1.0,1.0,1.0,1.0,3.0,1.0,1.0,1.0,1.0,1.0,1.657873578886083,1.0,0
123898.30712811157,4341328.013560306,2.919953814133062,1.0,1.0,1.0,0.0,4.0,1.0,1.0,1.0,0.0,1.0,4.9559322851244625,0.75,0
60163.39551533488,4034710.1525934017,5.588545047523963,1.0,1.0,1.0,1.0,5.0,1.0,1.0,1.0,1.0,1.0,2.4065358206133953,1.0,0
67698.18759133964,555654.1351333476,0.6839845039963205,1.0,1.0,1.0,1.0,6.0,1.0,1.0,1.0,1.0,1.0,2.7079275036535853,1.0,0
59942.911877712955,2596168.4279339695,3.609223546494684,1.0,1.0,1.0,1.0,4.0,1.0,1.0,1.0,1.0,1.0,2.3977164751085183,1.0,0
7754.145149664236,9747117.974567875,104.75169287347704,0.0,1.0,0.0,0.0,1.0,0.0,0.0,1.0,0.0,1.0,0.31016580598656945,0.25,1
168825.51037581233,3684332.8026677757,1.818609834924781,1.0,1.0,1.0,0.0,6.0,1.0,1.0,1.0,1.0,0.0,6.753020415032493,0.75,0
55925.906630485646,473218.9386844884,0.7051278009240967,0.0,1.0,0.0,0.0,2.0,1.0,1.0,1.0,0.0,0.0,2.237036265219426,0.25,1
194718.68288874533,2956337.6783408895,1.2652174385127466,1.0,1.0,1.0,1.0,6.0,1.0,1.0,1.0,0.0,0.0,7.788747315549813,1.0,0
135449.25954952103,417782.6129665449,0.2570351278626476,1.0,1.0,1.0,1.0,6.0,1.0,1.0,1.0,0.0,1.0,5.417970381980841,1.0,0
42092.61995111717,1053650.3079217488,2.085975936607909,1.0,1.0,1.0,0.0,3.0,1.0,0.0,1.0,0.0,1.0,1.6837047980446869,0.75,0
134241.6492849486,1777995.0962900955,1.1037279325261335,1.0,1.0,1.0,1.0,6.0,1.0,1.0,1.0,0.0,1.0,5.369665971397944,1.0,0
132776.05793190328,3928477.093161795,2.465603333883551,0.0,1.0,1.0,1.0,6.0,1.0,1.0,1.0,1.0,1.0,5.311042317276131,0.75,0
133000.37265570526,140767.71691324085,0.08820007675068871,1.0,1.0,1.0,0.0,3.0,1.0,1.0,1.0,0.0,0.0,5.32001490622821,0.75,0
193563.94440210698,1693009.675615325,0.7288761348111622,1.0,0.0,1.0,1.0,4.0,1.0,1.0,1.0,0.0,1.0,7.742557776084279,0.75,0
94766.0298601548,4451779.125776775,3.9147107287514813,1.0,1.0,1.0,1.0,6.0,1.0,1.0,1.0,0.0,1.0,3.790641194406192,1.0,0
67450.40271242391,479405.5805052276,0.5922939439284282,1.0,1.0,0.0,0.0,3.0,0.0,0.0,1.0,0.0,0.0,2.6980161084969563,0.5,1
73996.34139054973,3045263.4173211413,3.429520252954538,1.0,1.0,0.0,1.0,3.0,1.0,1.0,1.0,1.0,0.0,2.959853655621989,0.75,0
622744.2174167893,3199955.9284568676,0.4282062949443664,0.0,1.0,1.0,1.0,2.0,0.0,1.0,1.0,1.0,1.0,24.90976869667157,0.75,1
91024.72854330896,2152844.1719186297,1.9709334360482063,1.0,1.0,1.0,1.0,6.0,1.0,1.0,1.0,0.0,1.0,3.640989141732358,1.0,0
1468.5714864020226,13528732.710349966,767.6809763556439,1.0,1.0,0.0,0.0,1.0,0.0,1.0,0.0,0.0,0.0,0.058742859456080904,0.5,1
139539.46249919868,2170883.0653666845,1.2964570657919028,1.0,1.0,1.0,1.0,4.0,1.0,1.0,1.0,1.0,1.0,5.581578499967947,1.0,0
177572.6173554156,276492.20962798933,0.12975546462145116,1.0,1.0,1.0,1.0,4.0,1.0,1.0,1.0,1.0,1.0,7.102904694216624,1.0,0
188905.99615161825,4399603.228606962,1.940825647956928,1.0,1.0,1.0,0.0,3.0,1.0,1.0,1.0,1.0,0.0,7.55623984606473,0.75,0
78775.74386210015,1835929.5033643567,1.9421476431651972,1.0,1.0,0.0,0.0,5.0,1.0,1.0,1.0,1.0,1.0,3.151029754484006,0.5,0
188967.61903043598,477161.179966283,0.2104245789192721,1.0,1.0,1.0,1.0,3.0,1.0,1.0,1.0,1.0,1.0,7.558704761217439,1.0,0
30527.575344487355,3396244.6716236,9.270975048238617,1.0,1.0,1.0,1.0,4.0,1.0,1.0,1.0,0.0,1.0,1.2211030137794943,1.0,0
699265.7274656924,4811218.342255764,0.573365526303901,1.0,1.0,0.0,0.0,3.0,0.0,1.0,0.0,0.0,1.0,27.970629098627697,0.5,1
148766.76100484474,4154842.718320885,2.327380732461679,1.0,1.0,1.0,1.0,3.0,1.0,1.0,1.0,0.0,1.0,5.9506704401937895,1.0,0
87124.35352058904,1673694.547916172,1.6008674959834357,1.0,1.0,1.0,1.0,3.0,1.0,1.0,1.0,1.0,1.0,3.4849741408235615,1.0,0
89362.04822586931,3904592.4878486507,3.641173336787129,1.0,1.0,1.0,1.0,4.0,1.0,1.0,1.0,1.0,1.0,3.5744819290347722,1.0,0
115810.59842449657,4128681.445400474,2.970857519063906,1.0,1.0,1.0,1.0,5.0,1.0,1.0,1.0,1.0,0.0,4.632423936979863,1.0,0
145380.00140264235,2583910.14601299,1.481124249715194,1.0,1.0,1.0,1.0,5.0,1.0,1.0,1.0,1.0,1.0,5.815200056105694,1.0,0
25810.6040258055,758732.1340997971,2.449678348419688,1.0,0.0,1.0,0.0,5.0,1.0,1.0,1.0,1.0,0.0,1.03242416103222,0.5,0
195731.7851504851,2218496.5093764015,0.944530848541346,1.0,1.0,1.0,1.0,4.0,1.0,1.0,1.0,1.0,1.0,7.829271406019404,1.0,0
140311.6898342765,3057116.1706125555,1.815669679306683,1.0,1.0,0.0,1.0,6.0,1.0,1.0,1.0,1.0,1.0,5.61246759337106,0.75,0
96647.03913346707,3730429.87514515,3.2165409209566524,1.0,1.0,1.0,1.0,5.0,1.0,1.0,1.0,1.0,1.0,3.865881565338683,1.0,0
50356.602615964046,4320712.982180837,7.150192754814448,1.0,1.0,1.0,1.0,6.0,1.0,1.0,1.0,1.0,1.0,2.0142641046385616,1.0,0
500000.0,1689059.257423153,0.28150987623719215,1.0,0.0,0.0,1.0,3.0,1.0,0.0,1.0,0.0,0.0,20.0,0.5,1
555185.1279004803,11480068.832137309,1.7231592753500367,1.0,0.0,1.0,1.0,3.0,1.0,1.0,1.0,1.0,0.0,22.207405116019213,0.75,1
152000.913967963,4562773.792055185,2.5015056779071263,1.0,1.0,1.0,1.0,4.0,1.0,1.0,1.0,1.0,1.0,6.080036558718519,1.0,0
38322.90041080253,4605702.020814644,10.015121444888473,1.0,1.0,1.0,1.0,4.0,1.0,1.0,1.0,1.0,1.0,1.5329160164321014,1.0,0
164394.02592083084,4154780.967378784,2.1061090592690044,1.0,1.0,1.0,1.0,4.0,0.0,1.0,1.0,1.0,0.0,6.575761036833233,1.0,0
168934.09863601316,1371924.601447741,0.676755320824691,1.0,1.0,0.0,1.0,6.0,1.0,1.0,1.0,1.0,1.0,6.7573639454405265,0.75,0
113999.87095382299,1553024.3483095106,1.1352530016887634,1.0,1.0,1.0,1.0,6.0,1.0,1.0,1.0,1.0,1.0,4.559994838152919,1.0,0
56001.213153292534,1905399.7075912366,2.8353548079627786,1.0,1.0,1.0,1.0,5.0,0.0,1.0,1.0,1.0,1.0,2.2400485261317016,1.0,0
102656.28837829996,2737826.521952996,2.2224864522861294,1.0,1.0,1.0,1.0,4.0,1.0,1.0,1.0,1.0,1.0,4.106251535131999,1.0,0
38276.08241901619,4860510.185415148,10.582130924925341,1.0,1.0,1.0,1.0,3.0,1.0,1.0,1.0,1.0,1.0,1.5310432967606475,1.0,0
7969.926239790721,14429468.233533394,150.8741298162074,1.0,1.0,0.0,1.0,1.0,0.0,1.0,1.0,1.0,1.0,0.31879704959162886,0.75,1
124003.09369926344,4759550.113062487,3.1985425867717403,1.0,1.0,1.0,1.0,3.0,1.0,1.0,1.0,0.0,1.0,4.960123747970537,1.0,0
181594.78632483855,1281887.1422377531,0.588254380435378,1.0,1.0,1.0,1.0,3.0,1.0,1.0,1.0,0.0,1.0,7.263791452993543,1.0,0
66923.33086672018,4098140.0009462247,5.103028530149664,1.0,0.0,1.0,1.0,5.0,1.0,1.0,1.0,1.0,1.0,2.676933234668807,0.75,0
169630.05656885478,3509905.679027132,1.7242943015832914,0.0,1.0,1.0,1.0,3.0,1.0,1.0,1.0,0.0,1.0,6.785202262754191,0.75,0
76347.03115600543,237696.20801035705,0.25944711974092693,1.0,1.0,0.0,1.0,2.0,0.0,1.0,0.0,0.0,1.0,3.053881246240217,0.75,1
141112.80959390977,1902909.681380214,1.123752033837532,1.0,1.0,1.0,1.0,4.0,1.0,1.0,1.0,1.0,1.0,5.644512383756391,1.0,0
100000.0,3691856.692447263,3.0765472437060524,0.0,0.0,1.0,0.0,1.0,0.0,0.0,0.0,0.0,0.0,4.0,0.25,1
175872.33302145387,3208382.075471267,1.520223041126794,1.0,1.0,1.0,1.0,3.0,1.0,1.0,1.0,1.0,1.0,7.0348933208581546,1.0,0
500000.0,1966854.928365272,0.32780915472754535,0.0,1.0,1.0,0.0,3.0,0.0,0.0,0.0,1.0,0.0,20.0,0.5,1
130195.12705506154,3135980.978999365,2.0072314084337872,1.0,1.0,1.0,0.0,3.0,1.0,1.0,1.0,1.0,1.0,5.207805082202462,0.75,0
148475.65519024548,106632.76600579395,0.059848625166396684,1.0,1.0,1.0,1.0,4.0,0.0,1.0,1.0,0.0,1.0,5.939026207609819,1.0,0
100000.0,831457.0444884272,0.6928808704070227,1.0,1.0,1.0,1.0,3.0,1.0,1.0,1.0,0.0,0.0,4.0,1.0,1
177893.4949826093,821784.9169669547,0.3849611050736152,1.0,1.0,1.0,0.0,3.0,1.0,1.0,1.0,1.0,1.0,7.115739799304372,0.75,0
99238.85161822086,3588868.6996208257,3.0136623586256546,1.0,0.0,1.0,1.0,6.0,1.0,1.0,1.0,1.0,1.0,3.9695540647288343,0.75,0
80461.35090234858,3704749.25977203,3.83698634833623,1.0,1.0,1.0,1.0,3.0,1.0,1.0,1.0,1.0,1.0,3.2184540360939433,1.0,0
163197.23874993384,3244498.5467629354,1.6567368478041782,1.0,1.0,0.0,1.0,4.0,1.0,1.0,1.0,0.0,1.0,6.5278895499973535,0.75,0
76300.85279567732,1429905.9641889003,1.5616972285770538,1.0,1.0,1.0,1.0,4.0,1.0,1.0,1.0,1.0,1.0,3.052034111827093,1.0,0
5152.954376314456,8136069.279505237,131.57612580630547,0.0,1.0,0.0,1.0,1.0,0.0,0.0,1.0,0.0,0.0,0.20611817505257823,0.5,1
65438.0894029125,702311.324480399,0.8943712177528073,1.0,1.0,0.0,1.0,3.0,1.0,1.0,1.0,1.0,1.0,2.6175235761165,0.75,0
126217.71047612159,426167.166779692,0.28137042282741304,1.0,1.0,1.0,1.0,3.0,1.0,1.0,1.0,1.0,1.0,5.048708419044863,1.0,0
200000.0,4888731.872748164,2.0369716136450684,0.0,0.0,0.0,0.0,1.0,0.0,0.0,1.0,1.0,0.0,8.0,0.0,1
109791.52240842873,1615926.3175276322,1.2265111504665507,1.0,1.0,1.0,0.0,3.0,1.0,1.0,1.0,1.0,1.0,4.391660896337149,0.75,0
132773.76715913787,3641790.08572157,2.2857113542596177,1.0,1.0,1.0,1.0,5.0,1.0,0.0,1.0,1.0,1.0,5.310950686365515,1.0,0
8797.952074934596,9066676.429031445,85.8786638811704,1.0,1.0,0.0,0.0,3.0,1.0,0.0,1.0,0.0,0.0,0.3519180829973838,0.5,1
49514.702666391706,4215031.199614525,7.093905063602272,1.0,1.0,1.0,1.0,4.0,1.0,1.0,1.0,1.0,1.0,1.9805881066556683,1.0,0
187256.1184089042,4463006.63437471,1.9861418825262842,1.0,1.0,0.0,1.0,6.0,1.0,1.0,1.0,1.0,1.0,7.490244736356169,0.75,0
52920.31901980796,2220557.7100363867,3.4966999304577713,1.0,1.0,1.0,1.0,6.0,1.0,1.0,1.0,1.0,0.0,2.1168127607923184,1.0,0
60324.354121515964,2655100.2184177125,3.667811363369291,1.0,1.0,1.0,0.0,4.0,1.0,1.0,1.0,1.0,1.0,2.4129741648606386,0.75,0
183946.5300441644,1500943.2672718847,0.6799726288718783,1.0,1.0,1.0,1.0,4.0,1.0,1.0,1.0,1.0,1.0,7.357861201766576,1.0,0
32552.984591350818,956919.042162201,2.4496449254826294,1.0,1.0,1.0,1.0,6.0,1.0,1.0,1.0,1.0,1.0,1.3021193836540328,1.0,0
28512.459611102116,3780772.434261249,11.0500593010605,1.0,1.0,1.0,1.0,6.0,1.0,1.0,1.0,1.0,0.0,1.1404983844440846,1.0,0
79787.41135297649,847671.8992485004,0.8853442383895541,0.0,1.0,0.0,0.0,3.0,0.0,1.0,0.0,0.0,0.0,3.1914964541190596,0.25,1
200000.0,1131450.9031805594,0.4714378763252331,1.0,0.0,0.0,0.0,1.0,1.0,1.0,1.0,1.0,0.0,8.0,0.25,1
116028.61269459884,559900.6956344454,0.40212832179318486,1.0,1.0,1.0,0.0,5.0,1.0,1.0,1.0,0.0,1.0,4.641144507783953,0.75,0
695753.3453260332,18053624.87370503,2.1623593326316213,0.0,1.0,0.0,1.0,2.0,0.0,1.0,1.0,1.0,1.0,27.83013381304133,0.5,1
135858.68846957578,2519688.7982389503,1.5455328539177984,1.0,1.0,0.0,1.0,3.0,1.0,1.0,1.0,1.0,1.0,5.434347538783031,0.75,0
191322.00971339777,3963391.9819411635,1.7263181881505965,1.0,1.0,0.0,0.0,6.0,1.0,0.0,1.0,1.0,1.0,7.652880388535911,0.5,0
522676.4521365418,1367858.2692700543,0.2180855644823656,1.0,0.0,1.0,0.0,3.0,0.0,1.0,0.0,0.0,0.0,20.90705808546167,0.5,1
196707.58115479912,4737636.914436987,2.007055721418239,1.0,1.0,1.0,1.0,4.0,1.0,1.0,1.0,1.0,0.0,7.868303246191965,1.0,0
131673.75844648195,695356.7438744985,0.4400755018049163,1.0,1.0,1.0,1.0,3.0,1.0,1.0,1.0,1.0,1.0,5.266950337859278,1.0,0
9315.776530185765,19570944.004842475,175.06989300558263,1.0,0.0,0.0,1.0,1.0,1.0,1.0,1.0,0.0,1.0,0.3726310612074306,0.5,1
56077.0724596757,229282.62856490765,0.34072544938007987,0.0,1.0,0.0,1.0,3.0,0.0,0.0,1.0,0.0,1.0,2.243082898387028,0.5,1
113419.165178375,873978.6318932052,0.6421450249895992,1.0,1.0,1.0,1.0,6.0,1.0,1.0,1.0,1.0,1.0,4.536766607135,1.0,0
98284.84185611279,3861081.3797377995,3.2737172443728677,1.0,1.0,1.0,0.0,6.0,1.0,1.0,1.0,1.0,1.0,3.9313936742445117,0.75,0
200000.0,4844831.604891439,2.018679835371433,1.0,1.0,0.0,0.0,1.0,1.0,0.0,0.0,1.0,1.0,8.0,0.5,1
124886.20331705958,796471.9065879425,0.5314651027849925,0.0,1.0,1.0,1.0,4.0,1.0,1.0,1.0,1.0,1.0,4.995448132682383,0.75,0
174517.39133967634,1633246.2316468763,0.7798870450242436,1.0,1.0,1.0,1.0,5.0,1.0,1.0,1.0,1.0,1.0,6.980695653587054,1.0,0
127089.53389200293,4223093.010115324,2.769106209868278,1.0,1.0,1.0,1.0,6.0,1.0,1.0,1.0,1.0,1.0,5.083581355680117,1.0,0
32019.108497184432,1394953.6894773324,3.6305239666494677,1.0,1.0,1.0,1.0,3.0,1.0,1.0,1.0,0.0,1.0,1.2807643398873774,1.0,0
168013.88503521276,145724.93715275713,0.07227822129215478,1.0,0.0,1.0,1.0,6.0,1.0,1.0,1.0,1.0,1.0,6.720555401408511,0.75,0
140229.07106522447,1329906.7779852713,0.7903180416887869,1.0,1.0,1.0,1.0,5.0,1.0,1.0,1.0,1.0,1.0,5.609162842608979,1.0,0
98452.2804620714,1917610.9399730496,1.6231306264762844,1.0,1.0,1.0,1.0,5.0,1.0,1.0,1.0,1.0,1.0,3.9380912184828563,1.0,0
113098.02239959995,657808.1280353469,0.48468879331297193,1.0,1.0,1.0,1.0,6.0,1.0,1.0,1.0,1.0,1.0,4.5239208959839985,1.0,0
77653.70421793469,3103403.954223175,3.3303884056767905,1.0,1.0,1.0,1.0,5.0,1.0,0.0,1.0,1.0,1.0,3.1061481687173877,1.0,0
189470.62163235815,4835445.190745396,2.126734806820481,1.0,0.0,1.0,1.0,5.0,1.0,1.0,1.0,1.0,1.0,7.578824865294326,0.75,0
97371.09276693652,2016061.0587242534,1.7254103189449794,1.0,1.0,1.0,1.0,4.0,1.0,1.0,1.0,1.0,1.0,3.8948437106774607,1.0,0
159909.63565551882,4193853.1061367523,2.185532831790101,1.0,0.0,1.0,1.0,6.0,1.0,1.0,0.0,1.0,1.0,6.396385426220753,0.75,0
181994.295491701,1021321.199615539,0.4676525697578397,1.0,1.0,0.0,1.0,4.0,1.0,1.0,1.0,1.0,1.0,7.279771819668039,0.75,0
164203.7431382026,1055378.4795114172,0.5356041521655784,1.0,1.0,1.0,1.0,3.0,1.0,1.0,0.0,1.0,0.0,6.568149725528104,1.0,0
43219.001847300424,2301813.7359942463,4.438274905343176,1.0,1.0,1.0,1.0,3.0,1.0,1.0,1.0,1.0,0.0,1.728760073892017,1.0,0
164263.7171513177,4225474.477279862,2.1436436433633363,1.0,1.0,1.0,1.0,4.0,1.0,1.0,1.0,1.0,1.0,6.570548686052708,1.0,0
88033.362246971,763235.0031606591,0.7224865131428436,1.0,1.0,1.0,1.0,4.0,1.0,1.0,1.0,1.0,1.0,3.5213344898788397,1.0,0
679305.0407262142,3415581.2005790886,0.4190043495196755,0.0,1.0,1.0,0.0,2.0,1.0,1.0,0.0,0.0,1.0,27.172201629048566,0.5,1
43046.677046288205,4583941.335194511,8.873974426770479,1.0,1.0,1.0,1.0,3.0,1.0,1.0,1.0,1.0,1.0,1.7218670818515283,1.0,0
80650.60812007618,3113563.5433904463,3.217131707544841,1.0,1.0,1.0,1.0,5.0,0.0,1.0,1.0,0.0,1.0,3.2260243248030473,1.0,0
103032.97361593095,1208014.1231233925,0.9770449212585938,1.0,1.0,1.0,1.0,5.0,1.0,1.0,0.0,1.0,1.0,4.121318944637238,1.0,0
53285.02496655741,3828854.7241376597,5.988009336801966,1.0,1.0,1.0,1.0,6.0,1.0,1.0,1.0,1.0,1.0,2.131400998662296,1.0,0
43653.78030389838,1575125.7813881338,3.006852576536714,1.0,1.0,1.0,1.0,5.0,1.0,1.0,1.0,1.0,1.0,1.746151212155935,1.0,0
98311.95366329588,4187308.525303311,3.549338245313343,1.0,1.0,1.0,1.0,6.0,1.0,1.0,1.0,1.0,1.0,3.9324781465318353,1.0,0
99932.22595553001,2256975.089981904,1.8820881422394056,1.0,1.0,1.0,1.0,3.0,1.0,1.0,1.0,1.0,1.0,3.9972890382212003,1.0,0
142850.6758318605,435447.7247345325,0.2540226721591126,1.0,1.0,1.0,1.0,5.0,1.0,1.0,1.0,1.0,1.0,5.71402703327442,1.0,0
7003.0559231447605,15962776.597781999,189.9501300214025,0.0,0.0,1.0,0.0,2.0,0.0,0.0,1.0,0.0,1.0,0.2801222369257904,0.25,1
100000.0,806900.5277670154,0.6724171064725128,1.0,0.0,0.0,0.0,1.0,0.0,1.0,1.0,0.0,1.0,4.0,0.25,1
692.9264946664215,12663290.12336996,1522.9236940283417,1.0,1.0,0.0,0.0,1.0,1.0,0.0,1.0,0.0,1.0,0.02771705978665686,0.5,1
200000.0,1921376.622528458,0.8005735927201908,0.0,0.0,1.0,1.0,1.0,1.0,0.0,0.0,1.0,0.0,8.0,0.5,1
144024.63505805258,4599371.524709642,2.6612180634096356,1.0,1.0,1.0,1.0,3.0,1.0,1.0,1.0,1.0,1.0,5.760985402322103,1.0,0
115243.89984688711,1432535.593150399,1.035872321697478,1.0,1.0,0.0,1.0,3.0,1.0,1.0,1.0,1.0,1.0,4.609755993875485,0.75,0
25864.496663521684,3397071.176130591,10.945090807694228,1.0,1.0,1.0,1.0,5.0,1.0,1.0,1.0,1.0,0.0,1.0345798665408674,1.0,0
153637.43266568,2739638.8099682997,1.4859870423689008,1.0,1.0,1.0,0.0,4.0,1.0,1.0,1.0,1.0,1.0,6.145497306627201,0.75,0
6894.117084305128,16215076.55120237,196.0013679406578,1.0,0.0,0.0,0.0,1.0,0.0,1.0,0.0,0.0,0.0,0.2757646833722051,0.25,1
60899.43708435125,454350.7287638992,0.6217226717199676,1.0,1.0,1.0,1.0,4.0,1.0,1.0,1.0,0.0,1.0,2.43597748337405,1.0,0
150579.60899018083,1097016.4382382196,0.6071076763508725,1.0,1.0,1.0,1.0,5.0,1.0,1.0,1.0,1.0,0.0,6.023184359607233,1.0,0
173614.09683648113,2121847.0201582564,1.018469054271134,1.0,1.0,1.0,1.0,6.0,1.0,1.0,1.0,1.0,0.0,6.944563873459245,1.0,0
81363.85397705619,447937.5562129518,0.45878025511105724,1.0,1.0,1.0,1.0,5.0,1.0,1.0,1.0,1.0,1.0,3.2545541590822475,1.0,0
191375.00362173532,2219239.603817647,0.9663573097404582,1.0,1.0,1.0,1.0,5.0,1.0,1.0,1.0,1.0,0.0,7.655000144869413,1.0,0
187697.0891599503,1398727.4987925198,0.6210039027299293,0.0,1.0,1.0,0.0,6.0,1.0,1.0,1.0,0.0,1.0,7.507883566398012,0.5,0
52013.4751729854,3264529.6928037726,5.230262737919778,1.0,0.0,1.0,1.0,3.0,1.0,1.0,1.0,1.0,1.0,2.080539006919416,0.75,0
100000.0,155822.38781750482,0.12985198984792068,0.0,1.0,0.0,0.0,2.0,1.0,0.0,1.0,1.0,0.0,4.0,0.25,1
141381.4180455947,1906665.1372374964,1.1238305827801027,1.0,0.0,1.0,1.0,6.0,1.0,1.0,1.0,1.0,1.0,5.655256721823788,0.75,0
161854.91534231754,1637751.3602996361,0.8432198659912226,1.0,0.0,1.0,0.0,3.0,0.0,1.0,1.0,1.0,1.0,6.474196613692702,0.5,0
94880.28526662893,4550319.5946315825,3.996544682459981,1.0,0.0,1.0,1.0,4.0,1.0,1.0,1.0,1.0,0.0,3.795211410665157,0.75,0
200000.0,2367943.2211519396,0.9866430088133081,1.0,1.0,0.0,0.0,2.0,0.0,0.0,0.0,1.0,0.0,8.0,0.5,1
61022.211756434444,3224672.4097900838,4.403686675409713,1.0,1.0,1.0,1.0,3.0,1.0,1.0,1.0,1.0,1.0,2.4408884702573777,1.0,0
176947.47408982026,3105129.2559481575,1.4623592264315888,1.0,1.0,1.0,1.0,6.0,1.0,1.0,1.0,0.0,1.0,7.07789896359281,1.0,0
72709.20012836841,382887.5802030743,0.43883440189032086,1.0,1.0,1.0,0.0,4.0,1.0,1.0,1.0,1.0,1.0,2.9083680051347365,0.75,0
48225.25695753556,4020017.060642039,6.946596925655643,1.0,1.0,1.0,1.0,6.0,1.0,1.0,1.0,1.0,1.0,1.9290102783014225,1.0,0
760837.8613930185,4248418.1554563595,0.465322329832308,0.0,1.0,1.0,0.0,1.0,1.0,1.0,1.0,1.0,0.0,30.43351445572074,0.5,1
197661.92623770572,2749889.3994291676,1.1593403662213067,1.0,1.0,0.0,1.0,5.0,1.0,1.0,1.0,1.0,1.0,7.906477049508228,0.75,0
35546.79330067315,2623173.4145749714,6.1495781827323,0.0,1.0,1.0,1.0,4.0,0.0,1.0,1.0,1.0,1.0,1.4218717320269258,0.75,0
173961.2099585345,4966949.575572523,2.3793376967756434,1.0,1.0,1.0,0.0,4.0,1.0,1.0,1.0,1.0,1.0,6.958448398341381,0.75,0
8919.699127756054,15514730.090327404,144.94818218371972,0.0,1.0,0.0,0.0,3.0,0.0,0.0,1.0,0.0,0.0,0.35678796511024213,0.25,1
60091.82717255893,3672007.202113501,5.09221660538658,1.0,1.0,1.0,1.0,3.0,1.0,1.0,1.0,1.0,1.0,2.4036730869023573,1.0,0
100000.0,1358062.7991795419,1.1317189993162848,1.0,1.0,1.0,0.0,3.0,0.0,0.0,1.0,1.0,1.0,4.0,0.75,1
85825.01674182186,3737040.617275527,3.6285463523582946,1.0,1.0,1.0,1.0,4.0,1.0,1.0,1.0,1.0,1.0,3.4330006696728743,1.0,0
36930.154142461375,4981172.600144017,11.240075388729531,1.0,1.0,0.0,0.0,4.0,1.0,1.0,1.0,1.0,1.0,1.477206165698455,0.5,0
68524.99770283523,599276.1942773903,0.7287805112087283,1.0,1.0,1.0,1.0,5.0,0.0,1.0,1.0,1.0,1.0,2.7409999081134093,1.0,0
66514.68855379903,2481402.419608255,3.108840159419855,1.0,1.0,1.0,1.0,6.0,1.0,1.0,1.0,1.0,0.0,2.660587542151961,1.0,0
650909.3412095294,1654823.272553676,0.2118604399242782,1.0,0.0,1.0,0.0,2.0,0.0,1.0,1.0,0.0,1.0,26.036373648381176,0.5,1
111029.04567975145,4322285.428557992,3.2441101350970287,1.0,1.0,1.0,0.0,4.0,0.0,1.0,1.0,1.0,1.0,4.441161827190058,0.75,0
8094.440438786345,6956935.4212958915,71.62256895033123,1.0,1.0,1.0,0.0,2.0,0.0,0.0,1.0,1.0,0.0,0.3237776175514538,0.75,1
5969.513962618158,15177947.681554137,211.88139962203988,0.0,1.0,0.0,0.0,1.0,1.0,1.0,0.0,0.0,1.0,0.23878055850472632,0.25,1
55326.50601239801,4509183.393867635,6.791776851733569,1.0,1.0,1.0,1.0,4.0,0.0,1.0,0.0,1.0,1.0,2.21306024049592,1.0,0
163104.9667562842,3008937.876921838,1.5373218122259236,1.0,0.0,1.0,1.0,6.0,1.0,1.0,1.0,1.0,1.0,6.524198670251368,0.75,0
49438.96958235476,1081381.8875513668,1.8227555723190112,1.0,1.0,1.0,1.0,5.0,1.0,1.0,1.0,1.0,1.0,1.9775587832941903,1.0,0
101227.08009226328,3457158.118384972,2.8460418852626117,1.0,1.0,1.0,1.0,3.0,1.0,1.0,1.0,0.0,1.0,4.049083203690531,1.0,0
144262.97638918762,2324607.943860963,1.3428069592330911,1.0,1.0,0.0,1.0,6.0,1.0,1.0,1.0,1.0,0.0,5.7705190555675046,0.75,0
194647.1564086753,1092899.9072631816,0.4678978822619606,1.0,1.0,1.0,1.0,4.0,1.0,1.0,1.0,1.0,1.0,7.785886256347013,1.0,0
122938.51961020997,3553867.94921257,2.4089737160767415,1.0,1.0,1.0,1.0,3.0,1.0,1.0,1.0,1.0,1.0,4.9175407844083985,1.0,0
153200.1170117938,3594713.728084827,1.9553475753373037,1.0,1.0,1.0,0.0,4.0,1.0,1.0,1.0,1.0,1.0,6.1280046804717525,0.75,0
155807.4141734074,107669.01543821723,0.05758659175999692,1.0,1.0,1.0,1.0,5.0,1.0,0.0,1.0,0.0,1.0,6.232296566936296,1.0,0
114543.55237024157,3058597.7194519998,2.2252072509834724,1.0,1.0,1.0,1.0,6.0,1.0,1.0,1.0,1.0,0.0,4.5817420948096625,1.0,0
149965.21312317485,4539826.596358176,2.5227109350960846,1.0,1.0,1.0,1.0,6.0,1.0,1.0,1.0,0.0,1.0,5.998608524926994,1.0,0
54232.33388266622,553864.8669516993,0.8510680303592927,1.0,1.0,1.0,1.0,6.0,1.0,1.0,1.0,1.0,1.0,2.1692933553066487,1.0,0
127437.01376943162,2988324.5484750164,1.9541186531317294,1.0,1.0,1.0,1.0,4.0,1.0,1.0,1.0,1.0,1.0,5.097480550777265,1.0,0
186148.3733677452,1909475.7740561513,0.8548180050813053,1.0,1.0,1.0,1.0,6.0,1.0,1.0,1.0,1.0,1.0,7.445934934709808,1.0,0
61056.130145590505,556492.3135102808,0.7595365010623629,1.0,1.0,0.0,0.0,2.0,0.0,0.0,1.0,0.0,0.0,2.44224520582362,0.5,1
144973.92526507,4612873.153373222,2.6515533425172007,1.0,1.0,1.0,1.0,5.0,1.0,1.0,1.0,1.0,1.0,5.7989570106028,1.0,0
133410.81055168255,4711491.981415,2.942972388526813,1.0,1.0,1.0,0.0,5.0,1.0,1.0,1.0,1.0,1.0,5.336432422067301,0.75,0
56670.96672416071,3089036.34368948,4.542355816169801,1.0,1.0,1.0,1.0,5.0,1.0,1.0,1.0,1.0,0.0,2.2668386689664284,1.0,0
119353.22341816954,1189570.3932660343,0.8305671457082058,1.0,1.0,1.0,1.0,4.0,1.0,1.0,1.0,1.0,1.0,4.774128936726782,1.0,0
111968.6095085203,1393903.724999222,1.037421508222767,1.0,1.0,1.0,1.0,5.0,1.0,1.0,0.0,1.0,1.0,4.478744380340812,1.0,0
110167.06474932299,3318104.71102533,2.5099037225685614,1.0,1.0,1.0,0.0,6.0,0.0,1.0,1.0,1.0,1.0,4.406682589972919,0.75,0
79174.66028998874,769672.399694554,0.8100996759101088,0.0,0.0,0.0,1.0,2.0,0.0,0.0,0.0,0.0,1.0,3.1669864115995496,0.25,1
500000.0,196724.26357181312,0.032787377261968856,0.0,0.0,1.0,0.0,3.0,1.0,0.0,1.0,0.0,0.0,20.0,0.25,1
134127.49540048296,866735.9084176428,0.538502505787317,1.0,1.0,1.0,1.0,6.0,1.0,1.0,1.0,1.0,1.0,5.365099816019319,1.0,0
576561.3820025554,1974025.0429543788,0.2853158259429449,1.0,0.0,1.0,0.0,1.0,1.0,0.0,0.0,0.0,1.0,23.062455280102217,0.5,1
177621.68406522652,2512394.8520057914,1.1787200350508187,1.0,1.0,0.0,0.0,6.0,1.0,1.0,1.0,1.0,1.0,7.104867362609061,0.5,0
180842.2741294816,3376005.968942279,1.5556862027943599,1.0,1.0,1.0,1.0,6.0,1.0,1.0,1.0,1.0,0.0,7.233690965179265,1.0,0
190210.3844451573,1805668.4065246116,0.79108387089018,1.0,1.0,1.0,1.0,5.0,1.0,1.0,1.0,1.0,1.0,7.608415377806292,1.0,0
614194.4633630905,3495450.1664693174,0.47425942636712437,1.0,1.0,0.0,0.0,3.0,0.0,1.0,1.0,1.0,1.0,24.567778534523622,0.5,1
48452.66497886213,2635487.1235997025,4.532752265792905,1.0,1.0,0.0,0.0,5.0,1.0,1.0,1.0,0.0,0.0,1.9381065991544852,0.5,0
70132.99473286446,4302055.454540291,5.111782586459194,1.0,1.0,1.0,1.0,6.0,1.0,1.0,0.0,1.0,1.0,2.8053197893145785,1.0,0
187152.8344032615,2580703.6915264935,1.1491070474366982,1.0,1.0,1.0,1.0,3.0,1.0,1.0,1.0,1.0,1.0,7.486113376130461,1.0,0
51931.78360947463,3619822.7593228193,5.8086180686311035,1.0,1.0,1.0,1.0,3.0,1.0,1.0,1.0,1.0,1.0,2.0772713443789854,1.0,0
93686.37237116984,3662578.1319154114,3.2578360822540318,1.0,1.0,1.0,1.0,3.0,1.0,0.0,1.0,1.0,1.0,3.7474548948467934,1.0,0
8462.07769878963,8615445.985038886,84.84368232511811,1.0,0.0,0.0,1.0,1.0,0.0,0.0,1.0,0.0,0.0,0.3384831079515852,0.5,1
188104.91846425305,448675.5973498208,0.19877009818640384,1.0,1.0,1.0,0.0,6.0,1.0,0.0,1.0,0.0,1.0,7.524196738570121,0.75,0
171707.5233244491,160779.77775884245,0.07802986470150262,0.0,1.0,1.0,1.0,3.0,1.0,1.0,1.0,1.0,1.0,6.868300932977965,0.75,0
134813.45606321475,404795.8082070435,0.2502197110163547,1.0,1.0,1.0,1.0,5.0,1.0,1.0,1.0,1.0,1.0,5.39253824252859,1.0,0
191958.92977027642,3993433.5656309323,1.7336319329738945,1.0,1.0,0.0,1.0,4.0,1.0,1.0,1.0,1.0,1.0,7.678357190811057,0.75,0
33004.85591718975,842815.8665204869,2.1280097607332364,1.0,1.0,1.0,1.0,5.0,1.0,1.0,1.0,1.0,1.0,1.32019423668759,1.0,0
55366.79012263902,533086.2402241416,0.802355586329128,1.0,0.0,1.0,1.0,5.0,1.0,1.0,1.0,1.0,0.0,2.214671604905561,0.75,0
183632.61941879572,382473.1527752219,0.17356808845915833,1.0,1.0,1.0,1.0,3.0,1.0,1.0,1.0,0.0,1.0,7.345304776751829,1.0,0
500000.0,4559840.486461272,0.759973414410212,1.0,0.0,1.0,1.0,2.0,0.0,0.0,0.0,0.0,0.0,20.0,0.75,1
104579.47473592534,4044942.560628747,3.223180720406395,1.0,1.0,1.0,0.0,6.0,1.0,1.0,1.0,1.0,1.0,4.183178989437014,0.75,0
127255.00458654253,3300497.673603287,2.161341109482464,1.0,1.0,1.0,1.0,6.0,1.0,1.0,1.0,1.0,1.0,5.090200183461701,1.0,0
3819.3245586918647,19737032.686800405,430.6396847466057,1.0,1.0,0.0,0.0,2.0,0.0,0.0,1.0,0.0,0.0,0.15277298234767459,0.5,1
111414.22936376838,515480.8786244358,0.3855588296995309,1.0,1.0,0.0,1.0,5.0,1.0,1.0,1.0,1.0,1.0,4.456569174550735,0.75,0
147048.54676819697,4502946.962906713,2.551848273847631,1.0,1.0,1.0,1.0,5.0,1.0,1.0,1.0,1.0,1.0,5.8819418707278786,1.0,0
27545.316491879337,2272562.07045802,6.875222239468539,1.0,1.0,1.0,1.0,5.0,0.0,1.0,1.0,0.0,0.0,1.1018126596751734,1.0,0
27033.59448391761,4297032.396364842,13.245964506992594,1.0,1.0,0.0,0.0,5.0,1.0,1.0,1.0,1.0,1.0,1.0813437793567044,0.5,0
155831.64153084395,3833318.881763863,2.0499254003158325,1.0,1.0,1.0,1.0,4.0,0.0,1.0,1.0,1.0,1.0,6.233265661233758,1.0,0
102133.48071418992,457218.99330272723,0.37305673427355956,1.0,1.0,1.0,1.0,5.0,1.0,1.0,1.0,1.0,1.0,4.085339228567597,1.0,0
39990.19367937534,1939797.7494858517,4.042236298058342,1.0,1.0,1.0,1.0,4.0,1.0,1.0,1.0,1.0,1.0,1.5996077471750136,1.0,0
3282.0616857142236,17885575.543194495,454.1245020125802,0.0,0.0,0.0,0.0,2.0,0.0,0.0,1.0,1.0,1.0,0.13128246742856894,0.0,1
81802.52023254731,2623527.7325776434,2.6726231713476016,1.0,1.0,1.0,0.0,5.0,1.0,1.0,1.0,1.0,1.0,3.272100809301892,0.75,0
174746.8819186,4039396.6870073495,1.9263084232927674,1.0,1.0,0.0,0.0,4.0,1.0,1.0,1.0,1.0,1.0,6.989875276744,0.5,0
137345.01257757156,2476963.8338997466,1.5028842252891987,1.0,1.0,1.0,1.0,3.0,1.0,1.0,1.0,1.0,1.0,5.493800503102863,1.0,0
36437.35963981492,4817564.91624071,11.017915320663953,0.0,1.0,1.0,1.0,6.0,1.0,1.0,1.0,1.0,0.0,1.4574943855925966,0.75,0
42757.52000155562,4794560.052584963,9.344477206213327,1.0,1.0,1.0,1.0,4.0,1.0,0.0,1.0,1.0,0.0,1.7103008000622246,1.0,0
90103.16501373705,1098455.6497256765,1.0159240332625081,1.0,1.0,1.0,0.0,3.0,1.0,1.0,1.0,1.0,1.0,3.6041266005494816,0.75,0
28169.28216864709,2605249.7647836804,7.707123872220907,1.0,1.0,1.0,0.0,6.0,0.0,1.0,1.0,1.0,1.0,1.1267712867458834,0.75,0
90329.13034895677,2085003.2031850754,1.9235241860611616,1.0,1.0,1.0,1.0,6.0,1.0,1.0,1.0,1.0,0.0,3.6131652139582706,1.0,0
100073.95479062821,3209453.8459964884,2.6725683793144226,1.0,1.0,1.0,1.0,6.0,1.0,1.0,0.0,1.0,1.0,4.002958191625129,1.0,0
158430.27000462083,2036174.9419951611,1.0710153126755035,1.0,1.0,0.0,1.0,3.0,1.0,1.0,1.0,1.0,1.0,6.337210800184834,0.75,0
519752.2568115486,2287643.0543272872,0.36678421054564386,1.0,0.0,0.0,0.0,1.0,0.0,0.0,0.0,0.0,1.0,20.790090272461946,0.25,1
160904.4492385548,3047614.008569138,1.5783767027529414,1.0,1.0,1.0,1.0,6.0,1.0,1.0,1.0,0.0,1.0,6.436177969542192,1.0,0
80842.58281756974,1308357.8113923206,1.3486681624468209,1.0,1.0,1.0,0.0,4.0,1.0,1.0,1.0,1.0,1.0,3.2337033127027897,0.75,0
659228.2223965703,10322021.289220601,1.304811310476532,0.0,0.0,1.0,1.0,1.0,1.0,1.0,0.0,1.0,1.0,26.36912889586281,0.5,1
62003.40122439531,492882.0690013269,0.6624395587826263,1.0,1.0,1.0,0.0,4.0,1.0,1.0,1.0,0.0,1.0,2.4801360489758126,0.75,0
500000.0,2310620.1196865714,0.38510335328109524,0.0,1.0,0.0,0.0,2.0,0.0,1.0,0.0,0.0,1.0,20.0,0.25,1
134882.56816090888,2518378.2436665813,1.555907901964933,1.0,1.0,1.0,1.0,3.0,1.0,1.0,1.0,1.0,1.0,5.395302726436356,1.0,0
207.64089724460976,5228247.945364658,2098.2731945486153,0.0,1.0,0.0,1.0,3.0,0.0,1.0,1.0,1.0,0.0,0.00830563588978439,0.5,1
39489.76688689713,2414180.8403986106,5.094528343914766,1.0,1.0,1.0,1.0,3.0,0.0,1.0,1.0,1.0,1.0,1.5795906754758853,1.0,0
127656.48105570796,1341034.679261304,0.8754188507646095,1.0,1.0,1.0,0.0,6.0,1.0,1.0,1.0,0.0,0.0,5.106259242228319,0.75,0
172320.03593269762,4510407.596780756,2.1812164656147743,1.0,1.0,1.0,0.0,5.0,1.0,1.0,1.0,1.0,1.0,6.892801437307905,0.75,0
142012.56348677544,2211827.5805151514,1.297906048010277,1.0,1.0,1.0,1.0,6.0,1.0,1.0,1.0,1.0,1.0,5.680502539471018,1.0,0
29448.347180216657,449157.96604976716,1.2710333206507614,1.0,1.0,1.0,1.0,6.0,1.0,1.0,1.0,1.0,1.0,1.1779338872086662,1.0,0
99222.86747791755,1082325.1260891736,0.9090017533257052,1.0,1.0,1.0,1.0,4.0,1.0,1.0,1.0,0.0,1.0,3.968914699116702,1.0,0
585.0715144943641,19196871.418858245,2734.262812790322,0.0,0.0,0.0,0.0,1.0,0.0,0.0,0.0,1.0,0.0,0.023402860579774566,0.0,1
38898.38957307266,463116.57061684865,0.9921502657302816,1.0,1.0,1.0,1.0,5.0,1.0,1.0,1.0,1.0,1.0,1.5559355829229062,1.0,0
93110.29377847855,4300178.359293889,3.8486421003071998,1.0,1.0,1.0,1.0,5.0,1.0,1.0,1.0,1.0,1.0,3.724411751139142,1.0,0
79167.33285010736,2170487.2987285284,2.284704246676733,1.0,1.0,1.0,1.0,5.0,1.0,1.0,1.0,1.0,1.0,3.166693314004294,1.0,0
65881.35643373424,1446048.6937346708,1.8291071151886458,0.0,1.0,1.0,1.0,3.0,1.0,1.0,0.0,1.0,1.0,2.6352542573493696,0.75,0
159257.9505629472,2402942.5139738894,1.2573639732898394,1.0,1.0,1.0,1.0,5.0,1.0,1.0,1.0,1.0,1.0,6.370318022517888,1.0,0
70130.3449508104,1999479.1467326705,2.375908208416664,1.0,1.0,1.0,0.0,5.0,1.0,1.0,1.0,0.0,1.0,2.805213798032416,0.75,0
137200.83575492701,3991632.2464920864,2.4244460225823508,1.0,1.0,1.0,1.0,4.0,1.0,1.0,1.0,1.0,1.0,5.48803343019708,1.0,0
137355.53807700035,2815709.9192468813,1.7082856399938882,1.0,1.0,1.0,0.0,6.0,1.0,1.0,1.0,1.0,1.0,5.494221523080014,0.75,0
190009.19818469085,4077671.961641674,1.7883660372756167,1.0,1.0,0.0,1.0,3.0,1.0,1.0,1.0,1.0,1.0,7.600367927387634,0.75,0
117563.9984547621,3403238.4481267086,2.4123303710164965,1.0,1.0,1.0,0.0,3.0,1.0,1.0,1.0,1.0,1.0,4.702559938190484,0.75,0
46356.691097836294,4154935.688277684,7.469140538073652,1.0,1.0,0.0,1.0,5.0,0.0,1.0,1.0,1.0,1.0,1.8542676439134518,0.75,0
124390.41534671016,4873552.77470015,3.264957326170873,1.0,0.0,0.0,1.0,6.0,0.0,1.0,1.0,0.0,1.0,4.975616613868406,0.5,0
164091.97811978846,2941920.5583978435,1.4940404116171042,1.0,1.0,1.0,1.0,5.0,1.0,1.0,1.0,1.0,1.0,6.5636791247915385,1.0,0
28190.701968363286,3500352.9934997684,10.347244389976531,1.0,1.0,1.0,1.0,3.0,1.0,1.0,1.0,0.0,1.0,1.1276280787345314,1.0,0
533660.4571426047,13900154.857827075,2.1705678632335372,1.0,1.0,1.0,0.0,1.0,1.0,0.0,0.0,1.0,0.0,21.34641828570419,0.75,1
167531.98445306375,4926449.3150902875,2.4505018803690466,1.0,1.0,1.0,1.0,6.0,1.0,1.0,1.0,1.0,1.0,6.70127937812255,1.0,0
75144.71912244978,2240568.44281438,2.4847259938112773,1.0,1.0,1.0,1.0,6.0,1.0,1.0,1.0,1.0,1.0,3.005788764897991,1.0,0
142690.72981348174,508974.01644797815,0.2972477709386376,1.0,1.0,0.0,1.0,5.0,1.0,1.0,1.0,0.0,1.0,5.70762919253927,0.75,0
193545.14452810542,1320142.8069345406,0.5684043422846143,1.0,1.0,1.0,1.0,6.0,1.0,1.0,1.0,1.0,0.0,7.741805781124217,1.0,0
97208.09345949964,4825935.6041139765,4.137117456278331,1.0,1.0,1.0,0.0,5.0,1.0,1.0,1.0,1.0,1.0,3.8883237383799854,0.75,0
56829.01476985034,1114263.6343482912,1.6339418031160449,1.0,1.0,1.0,1.0,6.0,1.0,1.0,1.0,1.0,0.0,2.2731605907940136,1.0,0
86533.97026693603,509416.25380237977,0.49057444553369794,1.0,1.0,1.0,0.0,5.0,1.0,1.0,1.0,1.0,1.0,3.461358810677441,0.75,0
83645.79949534984,4757249.935818949,4.739478814756483,1.0,1.0,1.0,1.0,6.0,0.0,1.0,1.0,1.0,1.0,3.3458319798139935,1.0,0
132346.99311187386,4807072.180014679,3.026811104019081,1.0,1.0,1.0,1.0,6.0,1.0,0.0,1.0,1.0,1.0,5.293879724474954,1.0,0
141937.23974712784,2577607.351767598,1.513349231181216,1.0,1.0,1.0,0.0,4.0,1.0,1.0,1.0,0.0,1.0,5.677489589885114,0.75,0
143842.90585028566,1873407.9551055382,1.0853321452961884,1.0,0.0,1.0,1.0,3.0,0.0,1.0,1.0,1.0,1.0,5.753716234011427,0.75,0
147057.50579212463,1038805.4341006463,0.5886616874269271,1.0,1.0,1.0,1.0,5.0,1.0,1.0,1.0,1.0,1.0,5.882300231684986,1.0,0
184080.69111648717,4828575.310326912,2.1858961601026756,1.0,1.0,1.0,1.0,6.0,1.0,1.0,1.0,1.0,1.0,7.363227644659487,1.0,0
128972.87518662364,3548061.2895578993,2.2925113028765787,1.0,1.0,1.0,1.0,3.0,1.0,1.0,0.0,1.0,1.0,5.1589150074649455,1.0,0
200000.0,4037294.2743136077,1.6822059476306699,0.0,0.0,0.0,0.0,2.0,0.0,0.0,1.0,0.0,1.0,8.0,0.0,1
74163.53919529164,835238.4570005229,0.9385097516282288,1.0,1.0,1.0,1.0,5.0,1.0,1.0,1.0,1.0,1.0,2.9665415678116656,1.0,0
636873.4515108624,1345273.093944658,0.17602569379537525,1.0,0.0,1.0,0.0,1.0,0.0,0.0,1.0,0.0,1.0,25.474938060434496,0.5,1
56819.36926124261,385002.59797683137,0.5646586762322142,1.0,1.0,1.0,1.0,5.0,1.0,1.0,0.0,1.0,1.0,2.2727747704497046,1.0,0
193523.60067532407,1724667.0254292495,0.7426600766912558,1.0,1.0,1.0,1.0,5.0,1.0,1.0,1.0,1.0,0.0,7.740944027012962,1.0,0
98737.47539848728,757946.7694211501,0.6396986608193501,1.0,1.0,1.0,1.0,6.0,0.0,1.0,1.0,1.0,1.0,3.9494990159394914,1.0,0
73541.70702169821,3386588.3283385867,3.8374917507007127,1.0,1.0,1.0,1.0,5.0,1.0,1.0,1.0,1.0,1.0,2.9416682808679284,1.0,0
74324.58558534499,3882861.1339189527,4.3534956651505805,1.0,1.0,1.0,1.0,5.0,1.0,1.0,1.0,0.0,1.0,2.9729834234137997,1.0,0
122160.14202990591,1308726.4361559527,0.892766941279672,1.0,1.0,1.0,1.0,4.0,1.0,1.0,1.0,1.0,1.0,4.886405681196236,1.0,0
155190.6012002185,2889949.0697931857,1.5518277994085965,1.0,1.0,1.0,1.0,6.0,1.0,1.0,1.0,1.0,1.0,6.207624048008739,1.0,0
81944.94717787186,4442359.324278865,4.51762583424471,1.0,1.0,1.0,1.0,5.0,1.0,1.0,1.0,1.0,1.0,3.2777978871148745,1.0,0
127590.22060293952,1095793.1463218275,0.7156982337305806,1.0,1.0,1.0,1.0,4.0,1.0,1.0,1.0,1.0,1.0,5.103608824117581,1.0,0
92257.16325294429,315109.71895072504,0.28462985767184557,1.0,1.0,1.0,1.0,5.0,1.0,1.0,1.0,1.0,1.0,3.6902865301177714,1.0,0
29741.79868810961,1853289.0121563894,5.192717247285246,1.0,1.0,1.0,0.0,5.0,1.0,1.0,0.0,1.0,1.0,1.1896719475243844,0.75,0
148140.12539150415,841109.4608011793,0.4731496944634337,1.0,1.0,1.0,1.0,6.0,1.0,0.0,1.0,1.0,1.0,5.925605015660166,1.0,0
2845.667100798517,6598443.256115776,193.23070895702568,1.0,1.0,0.0,1.0,3.0,1.0,0.0,1.0,0.0,0.0,0.11382668403194067,0.75,1
152901.80816063774,2001135.1237396605,1.0906428270386441,1.0,1.0,1.0,1.0,4.0,1.0,1.0,1.0,1.0,1.0,6.11607232642551,1.0,0
7262.425885073709,10495750.883848777,120.43440040951565,1.0,0.0,0.0,0.0,3.0,0.0,1.0,0.0,1.0,1.0,0.29049703540294836,0.25,1
116392.57050959076,3319080.2657089834,2.3763546155175277,1.0,1.0,1.0,1.0,6.0,0.0,1.0,1.0,0.0,1.0,4.65570282038363,1.0,0
1930.3874129377753,9099789.799357124,392.8308957729085,1.0,0.0,0.0,0.0,2.0,0.0,0.0,0.0,1.0,1.0,0.07721549651751101,0.25,1
56600.68539728336,3267647.8340258594,4.810966232255047,1.0,1.0,1.0,1.0,3.0,1.0,1.0,1.0,1.0,1.0,2.2640274158913347,1.0,0
43362.7812231806,223447.72840022386,0.42941535363045125,1.0,1.0,1.0,1.0,4.0,1.0,1.0,1.0,1.0,1.0,1.734511248927224,1.0,0
2044.8195025057958,5944646.60219991,242.26452077698158,1.0,1.0,0.0,0.0,2.0,1.0,1.0,1.0,0.0,0.0,0.08179278010023183,0.5,1
89130.76860249463,2724213.6929103956,2.5470195231344506,1.0,1.0,1.0,1.0,5.0,1.0,0.0,1.0,1.0,0.0,3.565230744099785,1.0,0
111209.39325090035,1275383.152504129,0.9556920172701655,1.0,1.0,1.0,1.0,5.0,1.0,1.0,1.0,1.0,1.0,4.448375730036014,1.0,0
63621.720098117155,267149.06695087074,0.34991858458986774,1.0,0.0,0.0,0.0,1.0,0.0,0.0,0.0,1.0,0.0,2.544868803924686,0.25,1
115796.65999706263,4639274.772977425,3.3386647861109204,1.0,1.0,1.0,1.0,4.0,1.0,1.0,1.0,1.0,1.0,4.631866399882505,1.0,0
100000.0,4598340.865848383,3.831950721540319,1.0,1.0,0.0,1.0,3.0,0.0,0.0,1.0,0.0,0.0,4.0,0.75,1
76378.57274628634,228363.87180711748,0.2491578719833883,1.0,1.0,1.0,1.0,6.0,0.0,0.0,1.0,1.0,1.0,3.0551429098514538,1.0,0
41026.86283216097,2643258.172634789,5.3689582673516405,1.0,1.0,1.0,1.0,5.0,1.0,1.0,1.0,1.0,1.0,1.6410745132864388,1.0,0
39724.49387413355,125625.10636027242,0.2635341030782201,1.0,1.0,1.0,0.0,5.0,1.0,1.0,1.0,1.0,1.0,1.588979754965342,0.75,0
135653.5203538764,3315193.00463725,2.0365566849948418,1.0,1.0,1.0,1.0,4.0,1.0,0.0,1.0,0.0,0.0,5.4261408141550564,1.0,0
120672.04722496225,3978635.192697713,2.7475537239101744,1.0,1.0,1.0,0.0,4.0,1.0,1.0,1.0,1.0,1.0,4.82688188899849,0.75,0
53639.79000149829,4453177.994312538,6.918337416726387,1.0,1.0,1.0,1.0,3.0,1.0,1.0,1.0,1.0,1.0,2.1455916000599315,1.0,0
182946.75866892416,2711841.449506086,1.2352598597704878,1.0,1.0,1.0,0.0,4.0,1.0,1.0,1.0,1.0,1.0,7.317870346756966,0.75,0
83905.74868393611,2107181.584986637,2.0928061327122354,1.0,1.0,1.0,1.0,6.0,1.0,1.0,1.0,1.0,1.0,3.3562299473574444,1.0,0
115839.31239883816,2811518.829773882,2.0225710163731954,1.0,1.0,1.0,1.0,6.0,1.0,1.0,1.0,1.0,1.0,4.633572495953526,1.0,0
561117.5348566927,4053174.21023579,0.6019496746005504,0.0,0.0,1.0,0.0,3.0,0.0,1.0,0.0,0.0,0.0,22.444701394267707,0.25,1
785464.4825549081,5947238.028602952,0.6309682742600659,0.0,0.0,0.0,0.0,2.0,1.0,1.0,1.0,0.0,0.0,31.418579302196324,0.0,1
70456.9121580571,242931.8418617959,0.28732908575010013,1.0,1.0,1.0,1.0,6.0,1.0,0.0,1.0,1.0,1.0,2.818276486322284,1.0,0
128235.59519956079,3193407.0101507446,2.075221395680057,1.0,1.0,1.0,1.0,5.0,1.0,1.0,1.0,0.0,0.0,5.129423807982431,1.0,0
34990.1998156301,547818.2830257043,1.3046945666507128,1.0,1.0,1.0,1.0,5.0,1.0,1.0,1.0,1.0,1.0,1.3996079926252039,1.0,0
77036.07629019639,3937672.225163267,4.259554326999101,0.0,1.0,1.0,1.0,5.0,1.0,1.0,1.0,1.0,1.0,3.0814430516078555,0.75,0
107987.48791505616,1584287.0712826438,1.2225853675820118,1.0,1.0,1.0,1.0,4.0,1.0,1.0,1.0,1.0,0.0,4.319499516602247,1.0,0
44585.93339460238,1285908.1919062983,2.403426548095196,1.0,1.0,1.0,0.0,3.0,1.0,1.0,0.0,1.0,0.0,1.7834373357840954,0.75,0
200000.0,3123231.712361665,1.3013465468173604,1.0,1.0,0.0,1.0,2.0,0.0,0.0,1.0,0.0,1.0,8.0,0.75,1
48876.95669742829,470928.6638179586,0.802915278893133,1.0,1.0,1.0,1.0,5.0,1.0,0.0,1.0,1.0,1.0,1.9550782678971317,1.0,0
199108.86896312618,2655152.2297352124,1.1112648420108513,1.0,1.0,1.0,1.0,4.0,1.0,1.0,1.0,1.0,1.0,7.964354758525047,1.0,0
26609.48403291019,1092154.7448096634,3.420317932066701,1.0,1.0,1.0,1.0,4.0,0.0,1.0,1.0,0.0,1.0,1.0643793613164076,1.0,0
193985.6057880479,740480.8460269774,0.31809956681186263,1.0,0.0,0.0,1.0,3.0,1.0,1.0,1.0,1.0,1.0,7.7594242315219155,0.5,0
51235.54978603541,4362848.882273656,7.096063996732304,0.0,1.0,1.0,1.0,5.0,1.0,1.0,1.0,0.0,1.0,2.0494219914414162,0.75,0
191214.9848260867,1531869.329263299,0.6676034179785301,1.0,1.0,1.0,1.0,4.0,1.0,1.0,1.0,1.0,1.0,7.648599393043468,1.0,0
133123.26703521243,1317079.6828417168,0.8244737579027265,1.0,1.0,0.0,1.0,4.0,1.0,1.0,1.0,1.0,1.0,5.324930681408497,0.75,0
164617.38855026104,4089215.859396693,2.070060710378809,1.0,1.0,1.0,0.0,6.0,1.0,1.0,1.0,1.0,1.0,6.584695542010442,0.75,0
47127.10828296754,273604.3693132396,0.48380571055909727,0.0,0.0,0.0,0.0,1.0,0.0,0.0,1.0,0.0,1.0,1.8850843313187018,0.0,1
66308.83108563119,2306245.8061001627,2.898364325864175,1.0,1.0,1.0,1.0,3.0,1.0,1.0,1.0,1.0,1.0,2.6523532434252477,1.0,0
149817.83776402412,3713425.466735279,2.065522549560176,1.0,1.0,0.0,1.0,3.0,0.0,1.0,1.0,1.0,1.0,5.992713510560965,0.75,0
135523.0385161911,3155879.013622304,1.940555057511044,1.0,1.0,1.0,0.0,5.0,0.0,1.0,1.0,1.0,1.0,5.420921540647644,0.75,0
181858.76824119597,2533807.571807938,1.1610692903404558,1.0,1.0,1.0,1.0,5.0,1.0,1.0,1.0,0.0,1.0,7.274350729647839,1.0,0
86352.82279115447,3074738.9357218947,2.967224884624593,1.0,1.0,1.0,1.0,3.0,1.0,1.0,1.0,0.0,1.0,3.454112911646179,1.0,0
66570.08186167858,3412528.8114574826,4.271849951239035,1.0,1.0,1.0,1.0,5.0,1.0,1.0,1.0,1.0,1.0,2.6628032744671435,1.0,0
65118.99416571226,740196.4847349683,0.947235767149783,1.0,1.0,1.0,1.0,6.0,1.0,1.0,1.0,1.0,1.0,2.6047597666284905,1.0,0
191937.5009754528,1737767.761610698,0.7544850766434921,1.0,0.0,1.0,1.0,3.0,1.0,1.0,1.0,1.0,1.0,7.677500039018112,0.75,0
62159.34436869833,2353022.0764696687,3.154556648410886,1.0,1.0,1.0,1.0,6.0,1.0,1.0,1.0,1.0,1.0,2.4863737747479333,1.0,0
146795.48606639716,2114368.4527434623,1.2002914788691748,1.0,1.0,0.0,1.0,6.0,1.0,1.0,1.0,1.0,1.0,5.8718194426558865,0.75,0
54563.63603762879,4032669.829941083,6.158970397977186,1.0,1.0,1.0,1.0,3.0,1.0,1.0,1.0,1.0,1.0,2.1825454415051517,1.0,0
56051.92016145149,3318222.5131490408,4.93325727229216,1.0,1.0,1.0,1.0,6.0,0.0,1.0,1.0,1.0,1.0,2.2420768064580594,1.0,0
43299.37205852004,1617960.5101245863,3.113902952868611,1.0,1.0,1.0,1.0,5.0,1.0,1.0,1.0,1.0,0.0,1.7319748823408017,1.0,0
81136.51137005378,311551.30540535715,0.3199867525159845,1.0,1.0,1.0,1.0,6.0,1.0,1.0,1.0,1.0,1.0,3.245460454802151,1.0,0
27291.529902958388,3326848.526783269,10.158367017815541,1.0,1.0,1.0,1.0,6.0,1.0,1.0,1.0,1.0,1.0,1.0916611961183356,1.0,0
132074.2565764164,797021.9065672612,0.50288749628895,1.0,1.0,1.0,1.0,5.0,1.0,1.0,1.0,1.0,1.0,5.282970263056656,1.0,0
128878.67937195851,3425482.7876955676,2.214927250695746,1.0,1.0,1.0,1.0,5.0,1.0,1.0,1.0,1.0,0.0,5.155147174878341,1.0,0
512824.33921277616,4260578.389703138,0.6923388224649278,0.0,1.0,0.0,0.0,1.0,1.0,0.0,0.0,0.0,1.0,20.512973568511047,0.25,1
131383.3912388528,2252131.946123615,1.4284732674906606,1.0,0.0,1.0,1.0,5.0,1.0,1.0,1.0,1.0,1.0,5.255335649554112,0.75,0
133256.99118765726,598838.0464527309,0.37448819827735824,1.0,1.0,0.0,1.0,6.0,1.0,1.0,1.0,1.0,1.0,5.33027964750629,0.75,0
165529.5321207161,616192.8739585326,0.31021296022128153,1.0,1.0,1.0,1.0,4.0,1.0,1.0,1.0,1.0,1.0,6.621181284828643,1.0,0
104176.91532322134,4159499.5673006736,3.327272293158973,1.0,1.0,1.0,1.0,3.0,1.0,1.0,1.0,1.0,1.0,4.167076612928854,1.0,0
108989.29607549662,2854156.6925725983,2.1822912855860714,1.0,1.0,1.0,1.0,4.0,1.0,1.0,1.0,1.0,1.0,4.3595718430198644,1.0,0
146176.32648176467,428170.69892383047,0.24409487114479528,0.0,1.0,1.0,1.0,6.0,1.0,1.0,1.0,1.0,1.0,5.8470530592705865,0.75,0
100000.0,1875338.7103507705,1.5627822586256421,0.0,0.0,1.0,1.0,1.0,0.0,0.0,1.0,0.0,1.0,4.0,0.5,1
48865.00822768471,4473364.120778746,7.628778893503354,1.0,1.0,1.0,1.0,5.0,1.0,1.0,0.0,1.0,0.0,1.9546003291073883,1.0,0
34649.01382223956,726877.7142438,1.7481924064104524,0.0,1.0,0.0,1.0,3.0,1.0,1.0,1.0,0.0,1.0,1.3859605528895824,0.5,1
125032.22065723248,1918744.874844375,1.2788336110207454,1.0,1.0,1.0,1.0,6.0,1.0,1.0,1.0,1.0,1.0,5.001288826289299,1.0,0
33219.04418563463,4266705.205487488,10.703461699169434,1.0,1.0,0.0,0.0,6.0,1.0,1.0,1.0,0.0,1.0,1.328761767425385,0.5,0
67324.15090757905,4959868.761611881,6.139288668762996,1.0,1.0,1.0,1.0,3.0,1.0,1.0,1.0,1.0,1.0,2.692966036303162,1.0,0
634622.7765135011,1988822.8148425976,0.26115550954652916,1.0,0.0,0.0,1.0,2.0,0.0,0.0,1.0,1.0,0.0,25.38491106054004,0.5,1
70896.20775246939,1508307.0226813406,1.77290515070933,1.0,1.0,1.0,0.0,3.0,1.0,0.0,1.0,1.0,1.0,2.8358483100987755,0.75,0
109199.51782459306,3220821.355528242,2.4579026077613886,1.0,1.0,1.0,1.0,5.0,1.0,1.0,1.0,1.0,1.0,4.367980712983722,1.0,0
176083.3886750694,2024380.6420299395,0.9580596335928722,1.0,1.0,1.0,1.0,5.0,1.0,0.0,1.0,0.0,0.0,7.043335547002776,1.0,0
4955.3901285420125,9780558.485423263,164.47676556431767,1.0,0.0,1.0,1.0,1.0,0.0,0.0,0.0,0.0,1.0,0.1982156051416805,0.75,1
132347.65928876324,3794413.3276242414,2.389170404181073,1.0,1.0,0.0,1.0,4.0,1.0,1.0,1.0,1.0,1.0,5.29390637155053,0.75,0
98076.63576236246,4907843.392904167,4.170075229738171,1.0,1.0,1.0,1.0,6.0,1.0,1.0,1.0,1.0,1.0,3.9230654304944985,1.0,0
117347.69409010248,1213179.8294152229,0.8615279567428861,1.0,1.0,1.0,1.0,5.0,1.0,1.0,1.0,1.0,1.0,4.693907763604099,1.0,0
197862.46603760528,2384917.8050868334,1.004450992671496,1.0,1.0,1.0,1.0,3.0,1.0,1.0,1.0,1.0,1.0,7.914498641504212,1.0,0
31396.191873416603,2660625.3367500515,7.061964041895006,0.0,1.0,1.0,0.0,6.0,1.0,1.0,1.0,1.0,1.0,1.255847674936664,0.5,0
120121.750694948,1053656.7998538725,0.7309644823953508,1.0,1.0,1.0,1.0,6.0,1.0,1.0,1.0,1.0,1.0,4.80487002779792,1.0,0
173948.91751544995,3031303.9409123203,1.4522002513769994,1.0,1.0,0.0,1.0,4.0,1.0,0.0,1.0,1.0,1.0,6.9579567006179985,0.75,0
49411.42561410732,694786.2031699016,1.1717704871811658,1.0,1.0,1.0,1.0,3.0,1.0,1.0,0.0,1.0,0.0,1.9764570245642927,1.0,0
144039.94242547598,4903806.830616707,2.8370642360502774,1.0,1.0,0.0,1.0,6.0,1.0,1.0,1.0,1.0,1.0,5.761597697019039,0.75,0
45793.13534691259,3769249.0511202016,6.859195929997122,1.0,1.0,1.0,0.0,6.0,1.0,1.0,1.0,1.0,1.0,1.8317254138765036,0.75,0
42939.20239836887,438137.20380279986,0.8503053529382809,1.0,1.0,1.0,1.0,3.0,1.0,1.0,1.0,1.0,1.0,1.7175680959347548,1.0,0
164701.65631918565,1370554.1184422914,0.6934529121078422,1.0,1.0,1.0,0.0,6.0,1.0,1.0,1.0,1.0,1.0,6.588066252767426,0.75,0
92049.24244366205,2140871.716329007,1.9381580078721714,1.0,1.0,1.0,1.0,6.0,0.0,1.0,1.0,1.0,1.0,3.681969697746482,1.0,0
63634.68223803307,3348931.2398367696,4.385621071789248,1.0,0.0,1.0,1.0,6.0,1.0,1.0,1.0,0.0,1.0,2.5453872895213228,0.75,0
165609.1628173485,2539281.2893680222,1.2777479851606064,1.0,0.0,0.0,1.0,3.0,1.0,0.0,1.0,1.0,1.0,6.62436651269394,0.5,0
153877.7412343265,635394.6305171449,0.3441014413024384,1.0,1.0,1.0,1.0,3.0,1.0,1.0,1.0,1.0,1.0,6.15510964937306,1.0,0
148319.13347891317,3715795.2274347246,2.087725265265594,1.0,1.0,1.0,1.0,6.0,1.0,0.0,1.0,1.0,1.0,5.932765339156527,1.0,0
26323.503121174872,676001.3707360779,2.140043720701622,1.0,1.0,1.0,1.0,4.0,1.0,1.0,1.0,1.0,1.0,1.052940124846995,1.0,0
100924.03861664528,662367.4721591657,0.5469191493243861,1.0,0.0,1.0,0.0,4.0,1.0,1.0,1.0,1.0,1.0,4.036961544665811,0.5,0
168720.02831760226,2760820.4613925493,1.3636103198704228,1.0,1.0,1.0,1.0,3.0,1.0,1.0,1.0,1.0,1.0,6.748801132704091,1.0,0
64979.579732977276,3779605.0119802593,4.847170228339316,1.0,1.0,0.0,1.0,5.0,1.0,0.0,1.0,1.0,0.0,2.599183189319091,0.75,0
175852.53439770895,4408010.285746113,2.0888762947713793,1.0,1.0,1.0,1.0,3.0,1.0,1.0,1.0,1.0,1.0,7.034101375908358,1.0,0
98046.92555103633,4901854.613858368,4.166248785389678,1.0,1.0,1.0,1.0,5.0,1.0,1.0,1.0,1.0,1.0,3.9218770220414534,1.0,0
110235.83579331379,2830952.1309077395,2.14007247169576,1.0,1.0,1.0,0.0,3.0,1.0,1.0,1.0,1.0,1.0,4.409433431732552,0.75,0
72380.3178001219,4539943.910449236,5.226954933368168,0.0,1.0,1.0,1.0,3.0,1.0,1.0,1.0,1.0,1.0,2.8952127120048763,0.75,0
166665.31307685366,1188171.7663972708,0.5940907081294186,1.0,1.0,1.0,1.0,3.0,0.0,1.0,1.0,1.0,1.0,6.666612523074146,1.0,0
100405.31664081603,4887334.076750823,4.056337386855784,1.0,1.0,1.0,1.0,5.0,1.0,1.0,1.0,1.0,1.0,4.016212665632641,1.0,0
136572.5574871623,3108274.5653243028,1.8965953717901185,1.0,1.0,1.0,1.0,5.0,1.0,1.0,1.0,0.0,1.0,5.462902299486492,1.0,0
120285.59214314866,1618053.689080098,1.1209805349162236,1.0,1.0,1.0,1.0,4.0,1.0,1.0,1.0,1.0,1.0,4.811423685725947,1.0,0
87295.21876397077,1070678.4005227266,1.022085760330158,1.0,1.0,1.0,1.0,4.0,1.0,1.0,1.0,1.0,1.0,3.491808750558831,1.0,0
194433.8498850763,4765886.749918214,2.0426341884121424,1.0,1.0,1.0,1.0,6.0,1.0,1.0,1.0,1.0,1.0,7.777353995403052,1.0,0
74999.61509932563,3207296.4776491104,3.5636810417866056,1.0,1.0,1.0,1.0,5.0,1.0,1.0,1.0,1.0,1.0,2.9999846039730254,1.0,0
181815.97748661131,694793.4489810915,0.31845085829171016,1.0,1.0,1.0,1.0,3.0,1.0,1.0,1.0,1.0,1.0,7.2726390994644525,1.0,0
198684.61287771567,3026060.9993524794,1.2692062374314006,1.0,1.0,1.0,1.0,5.0,1.0,1.0,1.0,1.0,1.0,7.947384515108626,1.0,0
180046.10594133276,3149826.843673384,1.4578797410461357,1.0,1.0,1.0,1.0,3.0,1.0,1.0,1.0,1.0,1.0,7.201844237653311,1.0,0
7751.4276404533875,12947946.362550164,139.19958751616525,0.0,0.0,0.0,0.0,2.0,0.0,0.0,1.0,0.0,1.0,0.3100571056181355,0.0,1
55892.405600963946,3008448.5833560512,4.485476084226378,1.0,1.0,1.0,1.0,6.0,1.0,1.0,1.0,1.0,0.0,2.235696224038558,1.0,0
151598.51989550237,2456361.718354744,1.3502559919713852,1.0,1.0,1.0,1.0,5.0,1.0,1.0,1.0,1.0,1.0,6.063940795820095,1.0,0
165102.67234408951,745403.6400375585,0.3762323717793753,1.0,0.0,1.0,1.0,4.0,1.0,1.0,1.0,1.0,1.0,6.60410689376358,0.75,0
160717.33292162686,3993126.1680046683,2.0704706079378403,1.0,1.0,1.0,1.0,4.0,0.0,1.0,0.0,0.0,1.0,6.428693316865075,1.0,0
140304.957290715,1532677.2410197463,0.9103249513391537,1.0,0.0,1.0,1.0,6.0,1.0,1.0,1.0,1.0,1.0,5.612198291628601,0.75,0
40222.68298449677,3671421.0671227397,7.606448225034768,1.0,1.0,1.0,1.0,3.0,1.0,1.0,1.0,1.0,1.0,1.6089073193798709,1.0,0
